103.58,103.58,894.56,4,4,99.987,35.33,0.002116,-0.00055085,0.00055085
18.28,11.189,12.7,1,20,73.005,34.797,96.772,7.0907,7.0907
6.12,6.3167,12.7,2,3,98.78,38.38,0.016746,-0.19674,0.19674
86.77,89.401,572.49,3,9,27.056,6.9395,0.0025088,-2.6306,2.6306
105.68,106.5,894.56,4,4,72.814,10.151,0.0064032,-0.82145,0.82145
11.19,11.189,12.7,1,11,98.103,41.87,96.421,0.0006639,0.0006639
11.09,11.189,12.7,2,15,28.994,6.8088,0.0041592,-0.099336,0.099336
86.04,79.266,572.49,3,5,98.665,31.853,0.0030432,6.7742,6.7742
106.08,103.58,894.56,4,4,99.971,49.151,0.006348,2.4994,2.4994
7.71,8.3554,12.7,1,5,97.974,71.096,96.428,-0.64538,0.64538
7.92,6.3167,12.7,2,4,51.419,17.15,0.0025736,1.6033,1.6033
73.15,75.271,572.49,3,1,50.74,16.649,0.0027488,-2.1211,2.1211
110.03,109.49,894.56,4,5,99.985,66.625,0.0040936,0.5413,0.5413
8.79,8.3554,12.7,1,2,73.516,37.586,95.739,0.43462,0.43462
12,11.189,12.7,2,12,99.979,42.517,0.0027256,0.81066,0.81066
75.22,75.271,572.49,3,2,27.126,8.3002,0.0027936,-0.051071,0.051071
107.81,106.5,894.56,4,4,27.574,8.1532,0.0040344,1.3085,1.3085
6.12,8.3554,12.7,1,2,98.44,63.843,97.774,-2.2354,2.2354
8.29,7.9123,12.7,2,6,27.186,65.25,0.0025648,0.37769,0.37769
105.85,106.34,894.56,4,1,100.43,51.61,0.0021056,-0.48961,0.48961
11.83,11.189,12.7,1,14,98.42,71.027,98.101,0.64066,0.64066
17.04,8.3554,12.7,1,1,98.613,56.732,49.004,8.6846,8.6846
8.28,11.189,12.7,2,15,29.475,57.869,0.0027744,-2.9093,2.9093
81.4,75.271,572.49,3,3,98.59,21.297,0.002912,6.1289,6.1289
112.47,114.18,894.56,4,5,100.24,23.656,0.0044376,-1.7117,1.7117
8.35,8.3554,12.7,1,9,98.253,54.118,48.736,-0.0053757,0.0053757
6.53,6.3167,12.7,2,4,39.613,13.685,0.0031968,0.21326,0.21326
73.42,75.271,572.49,3,3,38.217,12.604,0.002412,-1.8511,1.8511
103.58,109.49,894.56,4,5,99.987,33.334,0.0038368,-5.9087,5.9087
13.64,11.189,12.7,1,14,72.899,52.081,49.19,2.4507,2.4507
6.27,6.3167,12.7,2,5,99.877,65.592,0.0065272,-0.046739,0.046739
88.57,89.401,572.49,3,10,29.309,6.8332,0.0025224,-0.83059,0.83059
106.82,106.5,894.56,4,2,72.679,9.4278,0.0064968,0.31855,0.31855
11.01,8.3554,12.7,1,7,90.723,15.26,49.474,2.6546,2.6546
9.87,7.9123,12.7,2,7,25.285,16.529,0.0029496,1.9577,1.9577
87.14,79.266,572.49,3,5,99.979,45.798,0.0023936,7.8742,7.8742
106.85,106.34,894.56,4,2,100.15,67.841,0.0064128,0.51039,0.51039
10.29,8.3554,12.7,1,7,98.584,67.093,48.822,1.9346,1.9346
8.7,11.189,12.7,2,11,88.339,13.331,0.0028096,-2.4893,2.4893
80.11,79.266,572.49,3,6,90.677,14.209,0.002924,0.84421,0.84421
101.74,103.58,894.56,4,2,99.985,25.756,0.0057752,-1.8406,1.8406
6.75,8.3554,12.7,1,2,71.443,47.031,49.522,-1.6054,1.6054
12.22,11.189,12.7,2,11,100.04,57.95,0.0025696,1.0307,1.0307
77.21,75.271,572.49,3,4,29.471,7.5963,0.0029656,1.9389,1.9389
116.51,115.93,894.56,4,5,27.884,7.4126,0.0045352,0.57826,0.57826
11.43,11.189,12.7,1,14,98.719,37.926,49.796,0.24066,0.24066
13.71,11.189,12.7,2,12,29.298,7.3472,0.0080264,2.5207,2.5207
77.22,75.271,572.49,3,4,90.912,27.042,0.0032824,1.9489,1.9489
107.5,103.58,894.56,4,3,99.992,46.381,0.0044864,3.9194,3.9194
15.56,11.189,12.7,1,20,89.015,24.912,48.646,4.3707,4.3707
6.49,6.3167,12.7,2,2,99.932,47.424,0.015814,0.17326,0.17326
74.12,84.147,572.49,3,10,99.579,45.144,0.0023936,-10.027,10.027
101.71,103.58,894.56,4,2,99.994,67.863,0.0058248,-1.8706,1.8706
16.17,11.189,12.7,1,19,47.865,12.028,49.684,4.9807,4.9807
5.53,6.3167,12.7,2,3,67.211,15.071,0.01391,-0.78674,0.78674
76.77,79.266,572.49,3,5,19.015,6.2468,0.0024784,-2.4958,2.4958
107.84,106.5,894.56,4,1,73.236,7.456,0.0045184,1.3385,1.3385
15.82,11.189,12.7,1,17,98.278,49.493,48.72,4.6307,4.6307
8.57,11.189,12.7,2,12,29.195,8.4404,0.01647,-2.6193,2.6193
82.39,79.266,572.49,3,6,99.952,27.208,0.00324,3.1242,3.1242
106.31,103.58,894.56,4,1,99.985,51.613,0.0043464,2.7294,2.7294
16.25,11.189,12.7,1,14,98.218,57.447,49.02,5.0607,5.0607
7.27,6.3167,12.7,2,3,99.763,40.373,0.010438,0.95326,0.95326
72.31,75.271,572.49,3,4,99.694,38.663,0.002532,-2.9611,2.9611
101.72,106.5,894.56,4,3,63.237,10.811,0.003976,-4.7815,4.7815
10.43,11.189,12.7,1,11,72.294,44.534,49.079,-0.75934,0.75934
11.29,7.9123,12.7,2,9,99.981,55.99,0.0058952,3.3777,3.3777
79.13,75.271,572.49,3,4,29.897,6.972,0.002472,3.8589,3.8589
100.85,106.5,894.56,4,2,28.474,7.531,0.0042976,-5.6515,5.6515
13.21,11.189,12.7,1,11,98.563,47.733,49.331,2.0207,2.0207
9.34,7.9123,12.7,2,9,27.828,7.3774,0.0074832,1.4277,1.4277
92.2,84.147,572.49,3,9,99.515,65.283,0.00248,8.0526,8.0526
107.64,109.49,894.56,4,5,89.244,18.183,0.0082696,-1.8487,1.8487
6.94,8.3554,12.7,1,5,98.676,57.469,49.263,-1.4154,1.4154
6.37,6.3167,12.7,2,2,100.4,48.612,0.0028248,0.053261,0.053261
74.06,75.271,572.49,3,4,99.906,48.479,0.0024192,-1.2111,1.2111
110.03,109.49,894.56,4,5,99.992,20.59,0.0040552,0.5413,0.5413
5.98,8.3554,12.7,1,5,47.41,12.142,49.52,-2.3754,2.3754
5.94,6.3167,12.7,2,3,64.075,13.378,0.0026872,-0.37674,0.37674
88.35,89.401,572.49,3,10,18.528,6.2402,0.0037872,-1.0506,1.0506
107.79,106.5,894.56,4,3,26.57,11.556,0.0085816,1.2885,1.2885
14.31,11.189,12.7,1,15,98.365,34.765,48.476,3.1207,3.1207
7.46,6.3167,12.7,2,5,29.336,7.9773,0.011149,1.1433,1.1433
74.09,75.271,572.49,3,4,99.729,66.944,0.002436,-1.1811,1.1811
113.91,114.18,894.56,4,5,100.46,52.931,0.0043696,-0.27167,0.27167
6.76,8.3554,12.7,1,6,98.164,70.413,48.329,-1.5954,1.5954
7.8,7.9123,12.7,2,8,100.38,65.087,0.0030248,-0.11231,0.11231
75.1,75.271,572.49,3,3,99.438,65.325,0.0024288,-0.17107,0.17107
101.17,103.58,894.56,4,1,99.983,30.304,0.0041488,-2.4106,2.4106
7.73,8.3554,12.7,1,3,73.371,18.646,49.524,-0.62538,0.62538
5.49,6.3167,12.7,2,1,99.979,19.271,0.0027256,-0.82674,0.82674
91.27,89.401,572.49,3,9,27.14,6.3173,0.0050048,1.8694,1.8694
115.65,115.93,894.56,4,5,29.983,11.57,0.0083288,-0.28174,0.28174
8.7,8.3554,12.7,1,2,98.632,28.403,48.84,0.34462,0.34462
6.15,6.3167,12.7,2,4,28.051,29.04,0.002656,-0.16674,0.16674
73.24,75.271,572.49,3,2,63.523,19.278,0.0038384,-2.0311,2.0311
107.71,103.58,894.56,4,3,99.986,27.09,0.0041664,4.1294,4.1294
8.11,8.3554,12.7,1,4,98.136,41.309,48.858,-0.24538,0.24538
5.92,6.3167,12.7,2,4,100.33,35.19,0.0027248,-0.39674,0.39674
78.48,79.266,572.49,3,6,99.994,35.58,0.0025128,-0.78579,0.78579
101.98,103.58,894.56,4,2,99.971,38.791,0.0065584,-1.6006,1.6006
13.69,11.189,12.7,1,11,72.734,41.216,49.521,2.5007,2.5007
6.9,6.3167,12.7,2,5,100.02,42.423,0.0060224,0.58326,0.58326
82.66,82.323,572.49,3,7,27.527,6.3267,0.0025856,0.3372,0.3372
106.68,106.5,894.56,4,1,28.65,9.4727,0.0062216,0.17855,0.17855
9.31,8.3554,12.7,1,2,98.378,57.522,49.189,0.95462,0.95462
5.98,6.3167,12.7,2,2,27.965,58.15,0.0026816,-0.33674,0.33674
79.19,79.266,572.49,3,6,63.307,9.6365,0.0038992,-0.075786,0.075786
108.21,103.58,894.56,4,3,99.992,27.12,0.0042136,4.6294,4.6294
7.29,8.3554,12.7,1,9,98.22,34.764,49.015,-1.0654,1.0654
6.44,6.3167,12.7,2,3,100.04,32.811,0.003472,0.12326,0.12326
73.3,75.271,572.49,3,2,99.965,32.33,0.0025296,-1.9711,1.9711
101.1,103.58,894.56,4,2,99.977,33.575,0.003924,-2.4806,2.4806
6.32,11.189,12.7,1,17,72.881,25.095,49.711,-4.8693,4.8693
12.02,11.189,12.7,2,11,99.034,28.129,0.013592,0.83066,0.83066
74.8,75.271,572.49,3,2,29.787,7.8369,0.0035704,-0.47107,0.47107
106.65,106.5,894.56,4,2,72.333,7.6075,0.0042464,0.14855,0.14855
15.66,11.189,12.7,1,14,98.38,47.854,49.447,4.4707,4.4707
11.7,11.189,12.7,2,10,30.316,7.9997,0.010239,0.51066,0.51066
85.28,82.323,572.49,3,8,99.569,49.94,0.002768,2.9572,2.9572
107.94,103.58,894.56,4,3,99.723,64.685,0.0063296,4.3594,4.3594
11.04,11.189,12.7,1,12,98.586,41.356,49.298,-0.14934,0.14934
9.35,7.9123,12.7,2,8,99.965,39.248,0.0037056,1.4377,1.4377
72.76,75.271,572.49,3,3,99.656,39.455,0.0028192,-2.5111,2.5111
101.73,103.58,894.56,4,2,99.954,23.888,0.0040472,-1.8506,1.8506
11.03,11.189,12.7,1,12,98.047,57.389,49.001,-0.15934,0.15934
6.61,6.3167,12.7,2,3,29.18,6.8989,0.005636,0.29326,0.29326
77.28,75.271,572.49,3,4,99.706,25.888,0.002496,2.0089,2.0089
106.53,106.34,894.56,4,1,100.15,49.754,0.0041912,0.19039,0.19039
12.45,11.189,12.7,1,12,0.1668,4.7009,0.0018144,1.2607,1.2607
7.85,7.9123,12.7,2,6,99.923,36.596,0.0063216,-0.062308,0.062308
81.97,82.323,572.49,3,7,97.853,35.553,95.403,-0.3528,0.3528
101.76,103.58,894.56,4,3,99.965,22.648,0.0063792,-1.8206,1.8206
14.89,11.189,12.7,1,18,53.136,21.76,0.0019728,3.7007,3.7007
8.94,7.9123,12.7,2,9,79.655,24.832,0.011036,1.0277,1.0277
107.22,106.5,894.56,4,1,63.136,5.583,0.0019088,0.71855,0.71855
18.38,11.189,12.7,1,20,99.994,44.562,0.0017992,7.1907,7.1907
6.18,6.3167,12.7,2,3,30.608,8.6581,0.013304,-0.13674,0.13674
108.29,106.34,894.56,4,3,100.12,31.556,0.0018528,1.9504,1.9504
14.48,11.189,12.7,1,15,99.992,15.494,0.0018128,3.2907,3.2907
7.5,7.9123,12.7,2,9,99.819,70.964,0.0098144,-0.41231,0.41231
76.82,84.147,572.49,3,10,97.172,71.9,97.439,-7.3274,7.3274
101.93,103.58,894.56,4,4,99.919,69.86,0.0078936,-1.6506,1.6506
6.66,8.3554,12.7,1,9,70.098,56.631,0.001948,-1.6954,1.6954
11.21,11.189,12.7,2,12,99.879,52.249,0.0041312,0.020664,0.020664
78.28,79.266,572.49,3,5,31.229,7.8436,96.111,-0.98579,0.98579
114.59,115.93,894.56,4,5,19.679,9.5949,0.0054408,-1.3417,1.3417
7.1,11.189,12.7,1,14,100.04,31.671,0.0015944,-4.0893,4.0893
8.71,11.189,12.7,2,12,30.084,8.0941,0.0083176,-2.4793,2.4793
77.29,79.266,572.49,3,5,97.426,30.601,97.004,-1.9758,1.9758
115.49,109.49,894.56,4,5,99.979,49.772,0.0043208,6.0013,6.0013
7.07,8.3554,12.7,1,2,99.963,25.152,0.0018256,-1.2854,1.2854
6.49,7.9123,12.7,2,9,88.12,22.514,0.002512,-1.4223,1.4223
72.9,75.271,572.49,3,3,92.478,24.155,96.167,-2.3711,2.3711
100.94,106.5,894.56,4,2,38.214,10.921,0.0040576,-5.5615,5.5615
7.97,8.3554,12.7,1,9,71.961,23.396,0.0018856,-0.38538,0.38538
5.87,6.3167,12.7,2,2,99.913,36.763,0.0039464,-0.44674,0.44674
75.6,75.271,572.49,3,3,29.776,6.417,97.021,0.32893,0.32893
115.88,115.93,894.56,4,5,29.047,7.6652,0.0040112,-0.051739,0.051739
7.59,8.3554,12.7,1,7,87.579,12.29,0.0018048,-0.76538,0.76538
9.09,11.189,12.7,2,10,26.714,13.517,0.0028344,-2.0993,2.0993
107.97,106.34,894.56,4,4,100.3,47.879,0.0017664,1.6304,1.6304
13.51,11.189,12.7,1,13,99.994,64.074,0.00194,2.3207,2.3207
10.63,11.189,12.7,2,12,40.212,11.385,0.0077864,-0.55934,0.55934
72.82,75.271,572.49,3,2,43.259,11.173,96.39,-2.4511,2.4511
101.65,103.58,894.56,4,1,99.885,46.524,0.0041472,-1.9306,1.9306
12.59,11.189,12.7,1,17,72.458,25.243,0.0021296,1.4007,1.4007
6.59,7.9123,12.7,2,7,99.409,28.273,0.011653,-1.3223,1.3223
74.7,75.271,572.49,3,2,30.5,7.1813,97.589,-0.57107,0.57107
106.31,106.5,894.56,4,3,72.209,7.7116,0.0042176,-0.19145,0.19145
19.32,11.189,12.7,1,20,99.965,51.148,0.001808,8.1307,8.1307
5.71,6.3167,12.7,2,1,29.748,8.7197,0.016347,-0.60674,0.60674
74.66,84.147,572.49,3,9,97.97,56.507,97.071,-9.4874,9.4874
109.77,103.58,894.56,4,3,99.983,52.006,0.00592,6.1894,6.1894
7.82,11.189,12.7,1,17,50.263,15.489,0.0017504,-3.3693,3.3693
6.41,11.189,12.7,2,10,99.271,41.252,0.014643,-4.7793,4.7793
73.22,75.271,572.49,3,2,97.135,40.403,96.678,-2.0511,2.0511
108.31,109.49,894.56,4,5,99.992,62.915,0.004044,-1.1787,1.1787
11.27,11.189,12.7,1,12,70.642,46.2,0.0019128,0.080664,0.080664
7.47,7.9123,12.7,2,6,99.852,46.554,0.0052056,-0.44231,0.44231
75.4,75.271,572.49,3,4,31.103,7.263,96.764,0.12893,0.12893
107.95,106.5,894.56,4,4,28.884,7.7626,0.0042832,1.4485,1.4485
7.84,11.189,12.7,1,12,99.99,35.053,0.0018488,-3.3493,3.3493
7.53,7.9123,12.7,2,6,28.929,6.9921,0.0047296,-0.38231,0.38231
107.51,103.58,894.56,4,4,87.396,15.594,0.001888,3.9294,3.9294
10.85,8.3554,12.7,1,9,99.996,38.345,0.001848,2.4946,2.4946
8.24,7.9123,12.7,2,9,99.89,22.866,0.0032288,0.32769,0.32769
75.22,82.323,572.49,3,8,97.545,23.656,96.009,-7.1028,7.1028
102.6,106.34,894.56,4,4,100.02,58.533,0.0059752,-3.7396,3.7396
14.63,11.189,12.7,1,12,72.507,70.836,0.0019208,3.4407,3.4407
6.44,7.9123,12.7,2,6,99.738,72.649,0.005452,-1.4723,1.4723
75.36,75.271,572.49,3,3,29.645,7.3754,97.399,0.088929,0.088929
106.54,106.5,894.56,4,1,29.142,7.943,0.0041408,0.038548,0.038548
6.06,11.189,12.7,1,20,99.994,25.419,0.0017808,-5.1293,5.1293
6.54,11.189,12.7,2,11,31.195,8.9329,0.015734,-4.6493,4.6493
75.55,79.266,572.49,3,5,89.482,50.322,95.054,-3.7158,3.7158
104.77,103.58,894.56,4,2,99.983,34.243,0.0035808,1.1894,1.1894
10.36,8.3554,12.7,1,5,99.99,64.408,0.0018272,2.0046,2.0046
7.08,6.3167,12.7,2,4,100.41,58.183,0.0025008,0.76326,0.76326
83.3,84.147,572.49,3,9,97.78,52.049,96.313,-0.84737,0.84737
102.96,103.58,894.56,4,4,99.74,73.603,0.0085784,-0.62055,0.62055
18.96,11.189,12.7,1,18,71.248,54.138,0.001992,7.7707,7.7707
5.55,7.9123,12.7,2,8,99.363,67.477,0.013955,-2.3623,2.3623
74.46,75.271,572.49,3,1,31.638,7.3677,95.144,-0.81107,0.81107
106.55,106.5,894.56,4,2,24.432,8.0105,0.0039288,0.048548,0.048548
6.47,11.189,12.7,1,19,99.992,48.171,0.0018984,-4.7193,4.7193
7.8,7.9123,12.7,2,9,29.87,9.0032,0.014343,-0.11231,0.11231
115.07,109.49,894.56,4,5,99.994,61.054,0.0018024,5.5813,5.5813
9.68,8.3554,12.7,1,4,99.994,44.969,0.001828,1.3246,1.3246
14.66,11.189,12.7,2,15,100.53,43.865,0.0024776,3.4707,3.4707
74.42,75.271,572.49,3,4,96.912,44.605,97.829,-0.85107,0.85107
113.04,114.18,894.56,4,5,100.08,53.374,0.0042024,-1.1417,1.1417
9.72,11.189,12.7,1,20,71.127,45.858,0.001932,-1.4693,1.4693
10.44,11.189,12.7,2,13,98.599,47.974,0.016221,-0.74934,0.74934
88.64,82.323,572.49,3,8,72.721,8.8578,94.559,6.3172,6.3172
107.88,106.5,894.56,4,4,71.855,9.9627,0.0043184,1.3785,1.3785
15.99,11.189,12.7,1,15,99.992,35.184,0.0018664,4.8007,4.8007
11.63,11.189,12.7,2,11,29.271,8.3515,0.0080416,0.44066,0.44066
93.36,84.147,572.49,3,10,96.948,30.903,94.663,9.2126,9.2126
105.04,106.34,894.56,4,1,100.05,68.378,0.0063184,-1.2996,1.2996
12.03,11.189,12.7,1,13,99.992,61.126,0.001836,0.84066,0.84066
11.54,7.9123,12.7,2,9,99.823,40.323,0.0087344,3.6277,3.6277
74.47,79.266,572.49,3,6,97.566,39.889,94.666,-4.7958,4.7958
103.35,106.34,894.56,4,4,100.08,26.337,0.0063616,-2.9896,2.9896
6.67,11.189,12.7,1,16,100.05,67.222,0.001744,-4.5193,4.5193
5.61,6.3167,12.7,2,1,30.067,8.5182,0.01131,-0.70674,0.70674
109.14,106.5,894.56,4,3,62.731,9.3833,0.0018256,2.6385,2.6385
8.6,11.189,12.7,1,11,73.044,36.788,0.0019848,-2.5893,2.5893
6.27,7.9123,12.7,2,8,99.915,59.192,0.0059744,-1.6423,1.6423
81.95,79.266,572.49,3,5,29.03,7.476,95.814,2.6842,2.6842
107.34,106.5,894.56,4,3,28.187,8.047,0.0041312,0.83855,0.83855
7.64,8.3554,12.7,1,5,50.24,15.771,0.0018472,-0.71538,0.71538
6.82,7.9123,12.7,2,8,14.34,17.006,0.0023552,-1.0923,1.0923
106.84,103.58,894.56,4,3,99.908,72.882,0.0046984,3.2594,3.2594
11.82,11.189,12.7,1,16,99.992,38.481,0.0018456,0.63066,0.63066
8.08,7.9123,12.7,2,8,89.387,15.082,0.011493,0.16769,0.16769
77.94,75.271,572.49,3,4,89.799,14.136,96.295,2.6689,2.6689
101.63,103.58,894.56,4,1,99.979,30.746,0.0040696,-1.9506,1.9506
9.69,8.3554,12.7,1,9,73.995,35.181,0.001976,1.3346,1.3346
9.09,11.189,12.7,2,10,99.938,35.872,0.0031784,-2.0993,2.0993
85.44,89.401,572.49,3,10,28.519,8.3034,96.064,-3.9606,3.9606
102.64,106.5,894.56,4,3,34.583,10.003,0.0057992,-3.8615,3.8615
16.93,11.189,12.7,2,13,100.09,32.362,0.0022472,5.7407,5.7407
81.41,79.266,572.49,3,5,97.372,41.231,96.412,2.1442,2.1442
104.66,103.58,894.56,4,4,99.981,45.664,0.0043288,1.0794,1.0794
9.71,11.189,12.7,1,14,70.931,22.22,0.0019632,-1.4793,1.4793
7.01,6.3167,12.7,2,1,99.171,24.732,0.01051,0.69326,0.69326
76.26,79.266,572.49,3,6,30.512,6.6835,98.105,-3.0058,3.0058
117.32,115.93,894.56,4,5,41.772,7.9635,0.0038008,1.3883,1.3883
9.39,8.3554,12.7,1,9,75.2,15.767,0.0017576,1.0346,1.0346
7.99,11.189,12.7,2,12,22.929,7.8255,0.003256,-3.1993,3.1993
106.56,103.58,894.56,4,4,100,25.472,0.0017784,2.9794,2.9794
13.82,11.189,12.7,1,19,99.992,51.389,0.0017992,2.6307,2.6307
9.55,11.189,12.7,2,12,79.332,15.711,0.013756,-1.6393,1.6393
72.14,75.271,572.49,3,1,78.249,14.79,94.323,-3.1311,3.1311
101.23,106.5,894.56,4,2,38.323,11.29,0.0042544,-5.2715,5.2715
11.7,11.189,12.7,1,13,72.196,53.043,0.0021616,0.51066,0.51066
6.15,6.3167,12.7,2,1,99.96,59.695,0.0055712,-0.16674,0.16674
76.06,79.266,572.49,3,5,29.308,6.8151,94.771,-3.2058,3.2058
108.77,106.5,894.56,4,4,28.566,8.0153,0.0043728,2.2685,2.2685
11.61,11.189,12.7,1,20,50.241,15.757,0.0019704,0.42066,0.42066
9.51,11.189,12.7,2,15,19.092,9.0163,0.012633,-1.6793,1.6793
76.33,84.147,572.49,3,10,29.556,12.198,96.917,-7.8174,7.8174
114.07,109.49,894.56,4,5,99.994,51.526,0.0035368,4.5813,4.5813
6.07,11.189,12.7,1,20,25.197,9.2942,0.0018328,-5.1193,5.1193
79.36,79.266,572.49,3,5,97.96,58.008,96.021,0.094214,0.094214
103.82,103.58,894.56,4,4,99.983,32.759,0.0060576,0.23945,0.23945
17.53,11.189,12.7,1,19,71.98,40.033,0.001916,6.3407,6.3407
7.04,11.189,12.7,2,15,99.005,44.791,0.014262,-4.1493,4.1493
75.16,79.266,572.49,3,5,71.892,8.8949,96.021,-4.1058,4.1058
107.03,106.5,894.56,4,2,71.002,8.0906,0.0029776,0.52855,0.52855
7.29,8.3554,12.7,1,3,99.99,28.794,0.0018,-1.0654,1.0654
6.07,6.3167,12.7,2,4,29.778,29.398,0.0024368,-0.24674,0.24674
75.22,75.271,572.49,3,3,98.634,42.526,95.533,-0.051071,0.051071
102.67,103.58,894.56,4,1,75.793,17.916,0.0043688,-0.91055,0.91055
15.81,11.189,12.7,1,13,99.987,35.343,0.0018912,4.6207,4.6207
7.42,7.9123,12.7,2,9,90.133,20.351,0.0089592,-0.49231,0.49231
75.26,79.266,572.49,3,6,91.826,21.291,96.864,-4.0058,4.0058
101.8,103.58,894.56,4,3,99.981,42.566,0.0063224,-1.7806,1.7806
7.22,8.3554,12.7,1,3,70.879,51.318,0.0019944,-1.1354,1.1354
6.18,6.3167,12.7,2,4,99.992,58.546,0.0023672,-0.13674,0.13674
76.55,75.271,572.49,3,3,30.585,6.824,97.109,1.2789,1.2789
108.2,106.5,894.56,4,1,28.014,8.0602,0.0038752,1.6985,1.6985
17.39,11.189,12.7,1,16,99.99,57.916,0.001768,6.2007,6.2007
89.89,84.147,572.49,3,9,98.078,64.479,96.442,5.7426,5.7426
106.71,103.58,894.56,4,1,88.842,18.605,0.0082384,3.1294,3.1294
8.41,8.3554,12.7,1,9,25.204,9.3496,0.001752,0.054624,0.054624
10.35,11.189,12.7,2,10,99.773,67.955,0.0035912,-0.83934,0.83934
83.58,79.266,572.49,3,6,97.187,69.904,94.029,4.3142,4.3142
103.45,106.34,894.56,4,4,100.19,65.258,0.0060824,-2.8896,2.8896
9.56,8.3554,12.7,1,7,71.44,19.24,0.001912,1.2046,1.2046
11.5,11.189,12.7,2,12,99.892,20.512,0.0024232,0.31066,0.31066
79.54,75.271,572.49,3,4,30.059,8.2751,96.367,4.2689,4.2689
102.68,106.5,894.56,4,1,28.099,8.1032,0.0041624,-3.8215,3.8215
13.63,11.189,12.7,1,18,37.614,9.4417,0.0018232,2.4407,2.4407
13.56,11.189,12.7,2,14,14.206,9.1469,0.011449,2.3707,2.3707
85.65,84.147,572.49,3,9,93.092,37.532,97.235,1.5026,1.5026
104.84,103.58,894.56,4,1,99.967,47.956,0.0059368,1.2594,1.2594
7.26,8.3554,12.7,1,7,62.72,12.739,0.0018608,-1.0954,1.0954
11.41,11.189,12.7,2,11,100.21,42.168,0.0028704,0.22066,0.22066
102.04,103.58,894.56,4,3,99.992,45.081,0.0018496,-1.5406,1.5406
5.74,11.189,12.7,1,13,99.992,41.795,0.0018344,-5.4493,5.4493
16,11.189,12.7,2,13,28.895,8.0279,0.0081872,4.8107,4.8107
105.39,103.58,894.56,4,4,99.985,38.02,0.0077224,1.8094,1.8094
10.54,8.3554,12.7,1,2,37.716,12.675,0.0018064,2.1846,2.1846
9.34,11.189,12.7,2,11,100.04,51.571,0.0024376,-1.8493,1.8493
77.41,82.323,572.49,3,7,96.723,73.063,95.876,-4.9128,4.9128
100.55,103.58,894.56,4,1,99.99,66.583,0.0042152,-3.0306,3.0306
7.52,8.3554,12.7,1,4,71.989,22.479,0.001836,-0.83538,0.83538
7.65,7.9123,12.7,2,7,99.91,23.109,0.0023232,-0.26231,0.26231
85.38,89.401,572.49,3,10,28.669,7.6626,95.391,-4.0206,4.0206
107.29,103.58,894.56,4,2,29.761,12.085,0.008064,3.7094,3.7094
8.03,11.189,12.7,1,15,99.992,19.243,0.0018944,-3.1593,3.1593
7.92,8.3554,12.7,1,3,99.992,15.924,0.0019176,-0.43538,0.43538
5.98,6.3167,12.7,2,1,99.85,26.286,0.0023592,-0.33674,0.33674
84.39,84.147,572.49,3,9,98.099,26.404,95.041,0.24263,0.24263
103.55,103.58,894.56,4,3,99.987,39.52,0.0062928,-0.030551,0.030551
14.4,11.189,12.7,1,13,72.121,29.825,0.00192,3.2107,3.2107
6.45,7.9123,12.7,2,8,99.513,66.839,0.0088704,-1.4623,1.4623
86.72,82.323,572.49,3,7,30.356,7.6369,96.002,4.3972,4.3972
106.35,106.5,894.56,4,3,28.095,10.113,0.005796,-0.15145,0.15145
14.91,11.189,12.7,1,13,99.992,29.01,0.0018072,3.7207,3.7207
9.4,7.9123,12.7,2,7,27.404,8.587,0.0075216,1.4877,1.4877
79.17,75.271,572.49,3,4,98.176,45.902,96.838,3.8989,3.8989
108.05,106.34,894.56,4,4,100.19,50.525,0.00428,1.7104,1.7104
7.6,11.189,12.7,1,15,99.99,41.879,0.001788,-3.5893,3.5893
6.32,7.9123,12.7,2,8,66.297,11.969,0.011052,-1.5923,1.5923
72.9,75.271,572.49,3,2,67.599,11.025,97.656,-2.3711,2.3711
102.67,103.58,894.56,4,1,99.99,18.04,0.003996,-0.91055,0.91055
13.89,11.189,12.7,1,16,75.217,46.651,0.0020208,2.7007,2.7007
6.4,6.3167,12.7,2,1,99.677,50.898,0.01004,0.083261,0.083261
100.52,89.401,572.49,3,9,27.494,6.9965,96.014,11.119,11.119
117.52,115.93,894.56,4,5,29.456,12.145,0.008244,1.5883,1.5883
7.27,8.3554,12.7,1,1,99.933,63.943,0.0019968,-1.0854,1.0854
8.41,11.189,12.7,2,11,27.446,65.219,0.002324,-2.7793,2.7793
91.88,84.147,572.49,3,10,97.689,53.782,97.087,7.7326,7.7326
105.81,106.34,894.56,4,3,100.49,63.997,0.0081624,-0.52961,0.52961
7.6,11.189,12.7,1,14,99.992,45.175,0.001916,-3.5893,3.5893
6.12,6.3167,12.7,2,1,99.057,30.921,0.0085976,-0.19674,0.19674
101.51,103.58,894.56,4,1,99.996,71.088,0.0017808,-2.0706,2.0706
7.26,8.3554,12.7,1,7,73.153,60.885,0.0021176,-1.0954,1.0954
6.23,7.9123,12.7,2,6,99.877,56.066,0.0026336,-1.6823,1.6823
102.74,106.5,894.56,4,4,28.53,6.2252,0.001864,-3.7615,3.7615
8.28,8.3554,12.7,1,4,100.07,67.812,0.0019744,-0.075376,0.075376
10.86,11.189,12.7,2,11,28.049,68.384,0.002352,-0.32934,0.32934
84.2,79.266,572.49,3,6,96.711,27.903,98.423,4.9342,4.9342
105.85,106.34,894.56,4,2,100.2,52.534,0.0063592,-0.48961,0.48961
10.74,8.3554,12.7,1,8,99.992,64.61,0.0019416,2.3846,2.3846
9.44,7.9123,12.7,2,6,100.29,47.358,0.0027976,1.5277,1.5277
81.32,79.266,572.49,3,5,97.63,53.218,98.107,2.0542,2.0542
109.09,109.49,894.56,4,5,99.952,34.2,0.0041704,-0.3987,0.3987
13.53,11.189,12.7,1,15,18.779,9.5028,0.002084,2.3407,2.3407
8.34,7.9123,12.7,2,9,27.451,11.923,0.0076832,0.42769,0.42769
15.48,8.3554,12.7,1,1,87.523,14.61,0.001784,7.1246,7.1246
10.95,6.3167,12.7,2,4,100.06,51.411,0.0026624,4.6333,4.6333
74.54,79.266,572.49,3,5,98.265,51.524,49.001,-4.7258,4.7258
102.52,103.58,894.56,4,3,99.983,30.025,0.0042032,-1.0606,1.0606
13.21,11.189,12.7,1,18,27.577,11.857,0.0020216,2.0207,2.0207
5.88,11.189,12.7,2,11,41.298,14.899,0.014946,-5.3093,5.3093
102.51,106.5,894.56,4,1,55.65,5.3976,0.0017272,-3.9915,3.9915
6.71,8.3554,12.7,1,1,99.992,44.386,0.0019592,-1.6454,1.6454
12.93,11.189,12.7,2,12,27.173,45.007,0.002392,1.7407,1.7407
74.35,75.271,572.49,3,4,97.353,31.975,48.463,-0.92107,0.92107
108.71,103.58,894.56,4,4,99.731,43.046,0.0038008,5.1294,5.1294
8.88,8.3554,12.7,1,5,99.992,21.682,0.0019088,0.52462,0.52462
9.16,11.189,12.7,2,10,100.18,55.288,0.002732,-2.0293,2.0293
102.01,103.58,894.56,4,2,99.99,37.922,0.0018376,-1.5706,1.5706
16.55,11.189,12.7,1,15,73.525,41.122,0.0019968,5.3607,5.3607
7.33,7.9123,12.7,2,7,99.871,63.124,0.0065144,-0.58231,0.58231
78.03,89.401,572.49,3,10,29.288,6.9092,49.523,-11.371,11.371
106.4,106.5,894.56,4,1,75.292,11.304,0.0080968,-0.10145,0.10145
10.99,11.189,12.7,1,13,87.522,15.262,0.0017816,-0.19934,0.19934
6.11,6.3167,12.7,2,3,25.098,7.2598,0.0054448,-0.20674,0.20674
84.06,82.323,572.49,3,8,98.457,64.465,48.838,1.7372,1.7372
113.72,114.18,894.56,4,5,100.32,32.096,0.0057472,-0.46167,0.46167
8.68,8.3554,12.7,1,3,99.99,31.449,0.001824,0.32462,0.32462
7.9,7.9123,12.7,2,9,99.985,28.564,0.0023208,-0.012308,0.012308
75.04,75.271,572.49,3,4,97.63,33.679,48.709,-0.23107,0.23107
101.41,103.58,894.56,4,2,99.998,43.173,0.004052,-2.1706,2.1706
9.17,11.189,12.7,1,17,73.764,18.555,0.0021064,-2.0193,2.0193
6.6,6.3167,12.7,2,3,99,21.666,0.011878,0.28326,0.28326
77.27,75.271,572.49,3,3,29.233,6.2536,49.225,1.9989,1.9989
102.32,106.5,894.56,4,1,26.865,7.4432,0.0041872,-4.1815,4.1815
12.99,11.189,12.7,1,10,99.994,24.948,0.0019496,1.8007,1.8007
10.48,7.9123,12.7,2,6,26.787,6.6474,0.0036008,2.5677,2.5677
90.19,82.323,572.49,3,8,97.889,52.359,49.596,7.8672,7.8672
115.72,109.49,894.56,4,5,100.05,35.457,0.00576,6.2313,6.2313
18.78,11.189,12.7,1,20,99.992,44.421,0.0018296,7.5907,7.5907
5.64,6.3167,12.7,2,4,41.156,11.787,0.015482,-0.67674,0.67674
72.33,84.147,572.49,3,10,40.996,9.5123,49.804,-11.817,11.817
101.49,103.58,894.56,4,1,99.948,61.315,0.0061904,-2.0906,2.0906
11.59,11.189,12.7,1,18,36.59,15.216,0.0019624,0.40066,0.40066
81.86,89.401,572.49,3,10,15.793,5.4851,48.681,-7.5406,7.5406
114.66,115.93,894.56,4,5,75.101,11.402,0.0083008,-1.2717,1.2717
7.2,8.3554,12.7,1,7,99.888,59.911,0.001864,-1.1554,1.1554
7.33,7.9123,12.7,2,7,27.962,61.895,0.0024088,-0.58231,0.58231
82.15,82.323,572.49,3,8,98.585,58.942,48.472,-0.1728,0.1728
114.25,109.49,894.56,4,5,100.05,32.291,0.0060408,4.7613,4.7613
8.94,11.189,12.7,1,13,62.734,18.481,0.0018512,-2.2493,2.2493
10.86,11.189,12.7,2,13,100.01,50.206,0.0075664,-0.32934,0.32934
76.64,82.323,572.49,3,7,97.058,50.677,47.99,-5.6828,5.6828
101.92,103.58,894.56,4,2,99.983,36.725,0.0043,-1.6606,1.6606
7.73,8.3554,12.7,1,3,72.664,49.659,0.0020168,-0.62538,0.62538
5.98,6.3167,12.7,2,1,99.944,61.256,0.0025456,-0.33674,0.33674
79.73,82.323,572.49,3,7,28.722,6.3376,49.35,-2.5928,2.5928
12.35,11.189,12.7,1,18,75.091,8.9482,0.0018152,1.1607,1.1607
7.02,7.9123,12.7,2,7,24.325,8.5614,0.012015,-0.89231,0.89231
86.87,84.147,572.49,3,9,98.074,32.988,48.884,2.7226,2.7226
112.98,109.49,894.56,4,5,89.222,18.122,0.008252,3.4913,3.4913
8.29,8.3554,12.7,1,6,99.994,21.873,0.001804,-0.065376,0.065376
7.91,6.3167,12.7,2,4,51.374,16.553,0.0025312,1.5933,1.5933
74.81,75.271,572.49,3,4,52.177,16.059,49.025,-0.46107,0.46107
101.22,103.58,894.56,4,2,63.323,17.342,0.0042664,-2.3606,2.3606
6.34,8.3554,12.7,1,6,72.448,46.229,0.0021352,-2.0154,2.0154
7.83,6.3167,12.7,2,5,99.906,45.747,0.002424,1.5133,1.5133
76.7,75.271,572.49,3,2,27.633,6.3464,48.999,1.4289,1.4289
109.32,106.5,894.56,4,1,28.18,7.5991,0.0039272,2.8185,2.8185
5.53,8.3554,12.7,1,3,62.751,18.534,0.0019584,-2.8254,2.8254
107.42,103.58,894.56,4,1,99.992,25.072,0.001884,3.8394,3.8394
10.2,11.189,12.7,1,20,37.706,12.083,0.001864,-0.98934,0.98934
7.64,11.189,12.7,2,12,91.608,18.477,0.016817,-3.5493,3.5493
74.65,75.271,572.49,3,4,89.9,17.612,48.485,-0.62107,0.62107
102.7,103.58,894.56,4,2,99.906,56.305,0.0038328,-0.88055,0.88055
7.96,11.189,12.7,1,19,27.833,8.8862,0.0019304,-3.2293,3.2293
5.36,6.3167,12.7,2,3,42.376,11.911,0.015596,-0.95674,0.95674
74.71,79.266,572.49,3,6,13.146,6.3744,49.218,-4.5558,4.5558
106.75,106.5,894.56,4,3,40.54,7.6067,0.004012,0.24855,0.24855
15.31,11.189,12.7,1,13,62.69,8.9476,0.0018008,4.1207,4.1207
10,11.189,12.7,2,10,18.59,7.9797,0.0077456,-1.1893,1.1893
78.84,82.323,572.49,3,7,98.178,58.942,49.423,-3.4828,3.4828
109.62,103.58,894.56,4,4,88.998,29.046,0.006348,6.0394,6.0394
9.08,8.3554,12.7,1,7,99.992,28.326,0.0018752,0.72462,0.72462
14.26,11.189,12.7,2,13,64.079,13.362,0.0026024,3.0707,3.0707
75.01,79.266,572.49,3,6,70.132,15.044,49.54,-4.2558,4.2558
102.68,103.58,894.56,4,3,99.983,40.123,0.0042984,-0.90055,0.90055
5.91,8.3554,12.7,1,2,74.193,45.112,0.0019944,-2.4454,2.4454
5.82,6.3167,12.7,2,3,99.885,64.544,0.0024304,-0.49674,0.49674
93.01,89.401,572.49,3,9,27.561,6.3572,48.154,3.6094,3.6094
106.9,106.5,894.56,4,2,29.734,11.508,0.0083696,0.39855,0.39855
5.48,11.189,12.7,1,18,100.03,25.099,0.0018744,-5.7093,5.7093
9.6,11.189,12.7,2,10,30.03,8.5718,0.013209,-1.5893,1.5893
73.57,75.271,572.49,3,3,98.184,39.584,49.146,-1.7011,1.7011
106.45,103.58,894.56,4,3,97.33,40.141,0.0042824,2.8694,2.8694
11.15,8.3554,12.7,1,7,99.994,60.805,0.001852,2.7946,2.7946
7.14,6.3167,12.7,2,5,100.02,29.578,0.0028344,0.82326,0.82326
81.62,84.147,572.49,3,10,98.542,29.814,49.429,-2.5274,2.5274
108.31,109.49,894.56,4,5,51.295,12.91,0.0063664,-1.1787,1.1787
9.95,11.189,12.7,1,11,73.253,47.108,0.0019704,-1.2393,1.2393
6.4,11.189,12.7,2,15,100.03,59.39,0.0032464,-4.7893,4.7893
88.54,89.401,572.49,3,10,32.548,8.5418,49.633,-0.86059,0.86059
107.11,106.5,894.56,4,4,76.26,9.5548,0.0062456,0.60855,0.60855
10.07,11.189,12.7,1,14,100.27,67.3,0.0018928,-1.1193,1.1193
76.57,75.271,572.49,3,4,98.561,57.631,48.208,1.2989,1.2989
106.55,103.58,894.56,4,4,99.954,36.9,0.0044712,2.9694,2.9694
10.04,8.3554,12.7,1,3,62.667,8.9912,0.0019048,1.6846,1.6846
6.11,11.189,12.7,2,15,99.915,30.86,0.002376,-5.0793,5.0793
90.05,84.147,572.49,3,10,96.995,34.522,49.618,5.9026,5.9026
101.92,103.58,894.56,4,3,99.813,32.358,0.0066136,-1.6606,1.6606
12.69,11.189,12.7,1,12,56.836,18.64,0.0019832,1.5007,1.5007
11.49,11.189,12.7,2,13,77.067,20.493,0.003996,0.30066,0.30066
86,82.323,572.49,3,8,27.154,8.4992,48.494,3.6772,3.6772
108.07,106.5,894.56,4,1,73.743,9.6298,0.0065128,1.5685,1.5685
8.38,8.3554,12.7,1,8,99.992,31.57,0.0018152,0.024624,0.024624
80.38,79.266,572.49,3,6,98.705,60.811,48.136,1.1142,1.1142
108.12,106.34,894.56,4,2,100.45,64.807,0.0065088,1.7804,1.7804
7.44,11.189,12.7,1,14,99.992,60.751,0.001796,-3.7493,3.7493
8.38,7.9123,12.7,2,7,99.334,34.003,0.0092128,0.46769,0.46769
101.02,103.58,894.56,4,1,99.994,21.993,0.0020616,-2.5606,2.5606
8.07,8.3554,12.7,1,7,73.676,53.041,0.0019992,-0.28538,0.28538
6.67,6.3167,12.7,2,5,99.913,49.023,0.0022824,0.35326,0.35326
76.41,79.266,572.49,3,5,27.735,7.1968,47.974,-2.8558,2.8558
107.11,106.5,894.56,4,1,25.389,7.6356,0.0047832,0.60855,0.60855
9.01,8.3554,12.7,1,5,99.992,51.057,0.0018368,0.65462,0.65462
13.29,11.189,12.7,2,12,100.17,35.169,0.0027192,2.1007,2.1007
72.66,75.271,572.49,3,1,97.224,56.5,48.644,-2.6111,2.6111
102.19,103.58,894.56,4,2,99.99,36.904,0.0044528,-1.3906,1.3906
7.95,11.189,12.7,1,10,73.78,59.301,0.0019704,-3.2393,3.2393
13.06,11.189,12.7,2,11,99.892,69.134,0.003996,1.8707,1.8707
17.55,11.189,12.7,1,12,72.56,36.573,0.0013704,6.3607,6.3607
8.05,7.9123,12.7,2,7,99.157,39.981,0.0072808,0.13769,0.13769
76.41,75.271,572.49,3,1,28.949,6.4186,94.779,1.1389,1.1389
101.74,106.5,894.56,4,1,28.502,7.7197,0.0043592,-4.7615,4.7615
13.76,11.189,12.7,1,20,62.767,18.704,0.001884,2.5707,2.5707
12.79,11.189,12.7,2,15,22.18,8.701,0.014586,1.6007,1.6007
82.86,79.266,572.49,3,5,98.014,27.873,96.305,3.5942,3.5942
110.83,109.49,894.56,4,5,64.5,16.373,0.004444,1.3413,1.3413
10.73,11.189,12.7,1,14,99.987,67.434,0.0017888,-0.45934,0.45934
5.45,6.3167,12.7,2,3,66.037,11.613,0.0083176,-0.86674,0.86674
103.54,103.58,894.56,4,2,99.992,25.387,0.0021032,-0.040551,0.040551
8.48,11.189,12.7,1,16,73.902,34.978,0.0019296,-2.7093,2.7093
8.13,6.3167,12.7,2,5,99.078,37.438,0.012374,1.8133,1.8133
75.36,75.271,572.49,3,2,28.036,6.5828,96.774,0.088929,0.088929
106.34,106.5,894.56,4,3,26.951,7.7958,0.0044808,-0.16145,0.16145
9.81,8.3554,12.7,1,7,99.992,54.402,0.0018536,1.4546,1.4546
9.46,11.189,12.7,2,10,28.253,55.667,0.0028664,-1.7293,1.7293
76.52,75.271,572.49,3,2,97.308,65.6,97.888,1.2489,1.2489
109.09,103.58,894.56,4,3,99.923,30.645,0.0041296,5.5094,5.5094
11.41,8.3554,12.7,1,8,99.992,51.194,0.001936,3.0546,3.0546
7,6.3167,12.7,2,2,100.07,36.365,0.0029072,0.68326,0.68326
85.26,82.323,572.49,3,7,97.887,35.859,97.013,2.9372,2.9372
100.84,103.58,894.56,4,2,99.967,26.089,0.006592,-2.7406,2.7406
11.89,11.189,12.7,1,19,73.675,44.747,0.0020776,0.70066,0.70066
6.9,6.3167,12.7,2,4,99.025,50.998,0.016402,0.58326,0.58326
76.21,75.271,572.49,3,2,27.579,6.5386,97.108,0.93893,0.93893
118.41,115.93,894.56,4,5,26.517,7.809,0.004324,2.4783,2.4783
10.19,11.189,12.7,1,12,100.01,35.068,0.0018816,-0.99934,0.99934
7.82,7.9123,12.7,2,7,27.088,7.6623,0.0056056,-0.092308,0.092308
107.14,103.58,894.56,4,2,87.607,22.074,0.00198,3.5594,3.5594
12.11,11.189,12.7,1,20,99.99,38.37,0.0018528,0.92066,0.92066
6.3,11.189,12.7,2,14,99.16,70.492,0.01494,-4.8893,4.8893
74.14,75.271,572.49,3,4,97.943,70.476,94.2,-1.1311,1.1311
107.75,115.93,894.56,4,5,75.936,11.207,0.0032448,-8.1817,8.1817
6.38,8.3554,12.7,1,7,47.019,9.2268,0.0019744,-1.9754,1.9754
6.92,6.3167,12.7,2,4,64.37,10.427,0.0035688,0.60326,0.60326
107.16,106.5,894.56,4,2,26.649,9.8773,0.0066208,0.65855,0.65855
11.91,11.189,12.7,1,12,99.987,51.245,0.0018192,0.72066,0.72066
6.57,6.3167,12.7,2,4,29.462,7.7106,0.006264,0.25326,0.25326
76.05,75.271,572.49,3,3,98.412,58.515,96.406,0.77893,0.77893
114.64,109.49,894.56,4,5,100.01,27.469,0.0042392,5.1513,5.1513
17.78,11.189,12.7,1,13,99.987,35.131,0.0018704,6.5907,6.5907
7.63,11.189,12.7,2,10,100.04,63.416,0.0086768,-3.5593,3.5593
77.75,79.266,572.49,3,5,96.979,63.048,96.052,-1.5158,1.5158
106.42,109.49,894.56,4,5,64.21,13.229,0.006332,-3.0687,3.0687
12.67,11.189,12.7,1,16,73.846,64.139,0.0019904,1.4807,1.4807
8.95,7.9123,12.7,2,7,99.436,70.074,0.011006,1.0377,1.0377
79.87,79.266,572.49,3,5,28.756,7.3828,96.066,0.60421,0.60421
107.53,106.5,894.56,4,1,37.645,9.9028,0.0062824,1.0285,1.0285
6.98,8.3554,12.7,1,2,99.99,54.549,0.001788,-1.3754,1.3754
5.87,6.3167,12.7,2,1,28.186,55.182,0.002728,-0.44674,0.44674
106.8,106.34,894.56,4,3,100.49,38.728,0.001872,0.46039,0.46039
9.13,11.189,12.7,1,17,99.99,38.369,0.0019408,-2.0593,2.0593
5.62,6.3167,12.7,2,1,99.434,31.647,0.011844,-0.69674,0.69674
75.74,79.266,572.49,3,5,98.424,29.399,96.35,-3.5258,3.5258
102.49,103.58,894.56,4,1,99.985,30.606,0.0041632,-1.0906,1.0906
9.02,11.189,12.7,1,15,27.7,9.2489,0.0020152,-2.1693,2.1693
5.68,6.3167,12.7,2,4,40.648,11.096,0.010858,-0.63674,0.63674
85.9,82.323,572.49,3,8,13.491,6.7249,96.425,3.5772,3.5772
108.03,106.5,894.56,4,4,26.896,9.972,0.006464,1.5285,1.5285
8.38,11.189,12.7,1,20,99.992,25.468,0.0019712,-2.8093,2.8093
8.84,7.9123,12.7,2,8,28.605,8.963,0.01555,0.92769,0.92769
79.23,82.323,572.49,3,7,97.614,59.305,96.078,-3.0928,3.0928
106.43,103.58,894.56,4,3,99.99,26.33,0.0064504,2.8494,2.8494
13.34,11.189,12.7,1,12,99.985,22.232,0.0018984,2.1507,2.1507
8.15,11.189,12.7,2,11,89.68,23.503,0.0060144,-3.0393,3.0393
75.29,75.271,572.49,3,4,91.623,24.404,95.289,0.018929,0.018929
101.79,103.58,894.56,4,3,99.975,69.519,0.0041432,-1.7906,1.7906
8.7,8.3554,12.7,1,4,75.007,50.283,0.0019384,0.34462,0.34462
6.2,6.3167,12.7,2,2,100.05,60.482,0.0027616,-0.11674,0.11674
90.37,89.401,572.49,3,9,28.462,6.7551,98.106,0.96941,0.96941
102.09,103.58,894.56,4,4,26.818,12.011,0.0084416,-1.4906,1.4906
13.01,11.189,12.7,1,16,37.726,12.461,0.001804,1.8207,1.8207
5.7,6.3167,12.7,2,2,12.963,8.3563,0.0096344,-0.61674,0.61674
107.68,106.34,894.56,4,3,100.24,57.892,0.0020368,1.3404,1.3404
8.32,11.189,12.7,1,17,99.99,54.675,0.0015432,-2.8693,2.8693
14.23,11.189,12.7,2,15,99.313,22.083,0.013144,3.0407,3.0407
82.11,82.323,572.49,3,7,97.649,21.957,95.599,-0.2128,0.2128
102.89,103.58,894.56,4,2,99.913,48.907,0.00482,-0.69055,0.69055
7.18,8.3554,12.7,1,5,73.981,57.609,0.0020632,-1.1754,1.1754
6.23,6.3167,12.7,2,5,99.888,59.03,0.0028256,-0.086739,0.086739
86.37,89.401,572.49,3,10,27.768,7.449,95.92,-3.0306,3.0306
108.26,103.58,894.56,4,1,21.696,11.943,0.0084952,4.6794,4.6794
7.18,8.3554,12.7,1,6,99.996,28.819,0.0019528,-1.1754,1.1754
6.46,6.3167,12.7,2,5,26.26,30.059,0.0028312,0.14326,0.14326
81.16,79.266,572.49,3,6,97.64,63.781,96.616,1.8942,1.8942
105.73,106.34,894.56,4,3,100.35,66.4,0.0038208,-0.60961,0.60961
12.54,11.189,12.7,1,10,99.99,61.16,0.0018912,1.3507,1.3507
5.97,6.3167,12.7,2,3,40.133,13.137,0.0031888,-0.34674,0.34674
75.07,82.323,572.49,3,7,41.355,13.238,95.451,-7.2528,7.2528
102.21,103.58,894.56,4,1,99.958,74.81,0.0067512,-1.3706,1.3706
7.33,8.3554,12.7,1,7,73.96,45.557,0.0020632,-1.0254,1.0254
8.39,7.9123,12.7,2,7,99.875,68.884,0.003128,0.47769,0.47769
86.58,82.323,572.49,3,8,28.342,7.5217,94.736,4.2572,4.2572
118.06,115.93,894.56,4,5,27.99,10.068,0.0067056,2.1283,2.1283
9.43,8.3554,12.7,1,9,99.992,35.271,0.001864,1.0746,1.0746
10.7,11.189,12.7,2,11,27.459,7.2102,0.0032776,-0.48934,0.48934
85.92,82.323,572.49,3,7,97.298,40.633,95.343,3.5972,3.5972
107.58,103.58,894.56,4,3,87.337,65.388,0.0061056,3.9994,3.9994
15.51,11.189,12.7,1,15,99.99,58.036,0.0017904,4.3207,4.3207
13.24,11.189,12.7,2,11,99.651,49.73,0.010605,2.0507,2.0507
81.22,82.323,572.49,3,7,97.481,50.579,95.932,-1.1028,1.1028
103.52,103.58,894.56,4,4,99.973,36.109,0.0065152,-0.060551,0.060551
6.47,11.189,12.7,1,19,74.009,55.569,0.002068,-4.7193,4.7193
6.48,6.3167,12.7,2,4,99.225,54.644,0.016857,0.16326,0.16326
90.36,89.401,572.49,3,9,27.773,6.9306,96.113,0.95941,0.95941
117.4,115.93,894.56,4,5,75.816,12.167,0.0083592,1.4683,1.4683
6.03,11.189,12.7,1,19,99.91,61.424,0.0018648,-5.1593,5.1593
5.75,6.3167,12.7,2,4,29.59,9.2509,0.018082,-0.56674,0.56674
72.39,75.271,572.49,3,3,67.487,13.51,95.357,-2.8811,2.8811
108.57,103.58,894.56,4,3,98.016,30.987,0.0039656,4.9894,4.9894
10.69,8.3554,12.7,1,5,56.09,15.889,0.00194,2.3346,2.3346
10.53,11.189,12.7,2,13,76.774,17.231,0.00304,-0.65934,0.65934
86.66,84.147,572.49,3,9,26.622,9.0688,96.384,2.5126,2.5126
104.99,103.58,894.56,4,4,27.334,12.246,0.0083104,1.4094,1.4094
8.37,8.3554,12.7,1,3,99.994,41.861,0.0018016,0.014624,0.014624
7.8,7.9123,12.7,2,7,25.329,42.496,0.00278,-0.11231,0.11231
87.97,84.147,572.49,3,10,97.293,30.359,96.102,3.8226,3.8226
118.47,109.49,894.56,4,5,99.821,70.869,0.0064824,8.9813,8.9813
7.61,8.3554,12.7,1,8,99.994,67.807,0.0018624,-0.74538,0.74538
14.98,7.9123,12.7,2,9,100.19,50.37,0.0029472,7.0677,7.0677
74.68,75.271,572.49,3,4,97.337,66.089,96.079,-0.59107,0.59107
