12.575,14.742,12.7,2,15,98.703,53.846,0.01277,-2.1669,2.1669
75.75,80.937,572.49,3,7,90.877,15.57,0.004864,-5.1867,5.1867
17.703,17.297,12.7,1,16,99.127,19.148,48.783,0.40583,0.40583
7.16,6.4713,12.7,2,4,52.717,33.6,0.0086088,0.68873,0.68873
75.2,75.299,572.49,3,4,99.987,45.71,0.0021656,-0.098929,0.098929
13.813,17.297,12.7,1,19,51.491,6.0266,49.902,-3.4842,3.4842
12.333,12.885,12.7,2,12,98.678,24.853,0.010947,-0.55173,0.55173
10.125,8.3865,12.7,1,6,99.171,19.047,48.319,1.7385,1.7385
11.765,12.885,12.7,2,11,99.521,20.399,0.0021936,-1.1201,1.1201
77.96,75.299,572.49,3,4,100.38,46.497,0.0028344,2.6611,2.6611
109.27,107.49,894.56,4,5,100.43,32.087,0.004128,1.7792,1.7792
20.464,17.297,12.7,1,20,99.044,71.004,49.336,3.1673,3.1673
15.06,17.297,12.7,1,19,99.446,64.101,49.166,-2.2367,2.2367
6.3,6.4713,12.7,2,4,98.705,73.39,0.012475,-0.17127,0.17127
75.79,77.971,572.49,3,5,100.47,61.994,0.0021648,-2.1813,2.1813
106.37,107.49,894.56,4,5,100.17,41.949,0.0042824,-1.1208,1.1208
11.965,14.742,12.7,1,15,98.923,64.505,48.748,-2.7769,2.7769
11.56,11.448,12.7,2,10,53.729,53.055,0.0073112,0.11171,0.11171
77.21,75.299,572.49,3,3,99.981,59.459,0.0021904,1.9111,1.9111
106.37,104.91,894.56,4,4,99.971,51.658,0.0039016,1.4592,1.4592
9.245,8.3865,12.7,1,6,51.319,6.1237,49.313,0.85851,0.85851
16.503,14.742,12.7,2,15,99.811,43.026,0.0024648,1.7606,1.7606
94.325,82.318,572.49,3,10,50.597,9.0542,0.0036216,12.007,12.007
10.225,17.297,12.7,1,17,99.121,38.494,47.655,-7.0717,7.0717
103.92,104.91,894.56,4,5,99.99,25.631,0.001756,-0.99083,0.99083
5.82,7.8516,12.7,1,4,40.053,6.132,49.808,-2.0316,2.0316
9.03,9.6584,12.7,2,9,75.894,10.161,0.0021056,-0.62835,0.62835
92.41,82.654,572.49,3,10,37.948,7.5706,0.0034952,9.7558,9.7558
13.663,17.297,12.7,1,18,99.219,54.919,48.978,-3.6342,3.6342
15.788,14.742,12.7,1,15,99.053,54.813,49.738,1.0456,1.0456
6.17,6.4713,12.7,2,3,56.093,39.153,0.0085872,-0.30127,0.30127
74.905,82.406,572.49,3,8,99.985,49.117,0.0020752,-7.5008,7.5008
103.21,104.91,894.56,4,4,76.358,12.848,0.0060032,-1.7008,1.7008
7.65,8.3865,12.7,1,6,50.608,6.1645,49.15,-0.73649,0.73649
13.693,14.742,12.7,2,13,99.86,39.904,0.0025056,-1.0485,1.0485
81.835,86.274,572.49,3,8,51.328,8.3889,0.0033616,-4.4394,4.4394
107.89,106.87,894.56,4,4,51.965,6.2045,0.0062368,1.0217,1.0217
9.65,9.6584,12.7,2,8,99.967,35.355,0.0017368,-0.0083533,0.0083533
7.565,8.3865,12.7,1,7,99.076,67.653,49.152,-0.82149,0.82149
12.9,14.742,12.7,2,13,52.224,22.27,0.0022704,-1.8419,1.8419
107.31,104.91,894.56,4,5,99.99,64.518,0.0018848,2.3992,2.3992
8.39,7.8516,12.7,1,5,99.052,38.672,50.062,0.53845,0.53845
84.94,82.406,572.49,3,8,50.111,9.421,0.0020296,2.5342,2.5342
111.01,104.91,894.56,4,5,99.973,45.108,0.0058888,6.0992,6.0992
16.09,17.297,12.7,1,18,52.44,6.1652,48.481,-1.2067,1.2067
14.64,12.885,12.7,2,12,98.495,28.082,0.0093752,1.7549,1.7549
85.78,80.937,572.49,3,7,49.194,8.4008,0.0025288,4.8433,4.8433
9.1,17.297,12.7,1,16,99.075,45.235,48.808,-8.1967,8.1967
10.403,14.742,12.7,1,14,45.69,4.7187,96.804,-4.3394,4.3394
12.83,14.742,12.7,1,14,99.042,41.155,97.447,-1.9119,1.9119
85.225,80.937,572.49,3,7,100.27,57.488,0.0016944,4.2883,4.2883
107.81,104.91,894.56,4,4,99.861,62.242,0.0063656,2.8992,2.8992
11.215,11.448,12.7,2,10,50.636,38.444,0.0017592,-0.23329,0.23329
84.785,80.937,572.49,3,7,99.979,36.282,0.0032024,3.8483,3.8483
108.84,104.91,894.56,4,4,99.969,21.936,0.0060648,3.9292,3.9292
7.425,8.3865,12.7,1,6,26.767,5.5912,97.749,-0.96149,0.96149
14.463,14.742,12.7,2,13,51.822,13.353,0.0021856,-0.27936,0.27936
82.795,88.842,572.49,3,9,26.311,8.5008,0.0032592,-6.0467,6.0467
12.935,11.448,12.7,2,10,99.992,63.948,0.0018064,1.4867,1.4867
19.76,17.297,12.7,1,17,50.841,12.067,97.766,2.4633,2.4633
12.38,11.448,12.7,2,10,52.307,32.537,0.008372,0.93171,0.93171
81.64,77.971,572.49,3,5,99.842,29.926,0.0023224,3.6687,3.6687
102.77,104.91,894.56,4,5,99.99,54.369,0.0061528,-2.1408,2.1408
12.92,12.885,12.7,1,12,51.986,5.6114,96.388,0.034934,0.034934
9.515,8.3865,12.7,2,6,98.917,30.223,0.004716,1.1285,1.1285
77.17,75.299,572.49,3,4,51.039,7.1231,0.0021616,1.8711,1.8711
16.075,14.742,12.7,1,14,99.323,28.383,97.347,1.3331,1.3331
14.21,14.742,12.7,2,14,98.593,30.815,0.0059496,-0.53186,0.53186
91.13,82.406,572.49,3,9,99.659,56.449,0.0025064,8.7242,8.7242
6.81,8.3865,12.7,1,7,99.094,44.671,97.794,-1.5765,1.5765
6.61,6.4713,12.7,2,4,51.152,51.856,0.0024472,0.13873,0.13873
103.9,104.91,894.56,4,5,62.733,18.628,0.001864,-1.0108,1.0108
8.235,8.3865,12.7,1,6,51.944,5.6353,96.724,-0.15149,0.15149
6.63,6.4713,12.7,2,5,99.594,32.921,0.0021552,0.15873,0.15873
77.64,80.937,572.49,3,6,49.042,6.4207,0.002496,-3.2967,3.2967
6.79,7.8516,12.7,1,4,99.153,22.033,97.134,-1.0616,1.0616
86.065,82.406,572.49,3,9,87.62,12.298,0.0022168,3.6592,3.6592
9.61,8.3865,12.7,1,7,50.798,15.42,97.785,1.2235,1.2235
7.8,8.3865,12.7,2,7,27.122,13.397,0.0024568,-0.58649,0.58649
107.73,104.91,894.56,4,4,87.542,18.687,0.001744,2.8192,2.8192
10.68,9.6584,12.7,1,9,50.592,5.66,97.378,1.0216,1.0216
14.863,14.742,12.7,2,15,99.396,29.722,0.0029744,0.12064,0.12064
78.83,86.274,572.49,3,9,50.862,8.5453,0.0027096,-7.4444,7.4444
12.6,14.742,12.7,1,14,49.958,15.448,97.011,-2.1419,2.1419
10.323,12.885,12.7,2,12,55.746,17.828,0.0064416,-2.5617,2.5617
78.85,80.937,572.49,3,6,100.29,37.006,0.0024408,-2.0867,2.0867
11.89,12.885,12.7,2,11,37.511,18.729,0.0018144,-0.99507,0.99507
73.88,75.299,572.49,3,3,76.789,20.301,0.00296,-1.4189,1.4189
101.85,104.91,894.56,4,5,51.085,15.614,0.0039272,-3.0608,3.0608
9.13,7.8516,12.7,1,4,51.969,5.8615,96.139,1.2784,1.2784
13.973,14.742,12.7,2,13,99.669,48.684,0.0023456,-0.76852,0.76852
106.67,106.87,894.56,4,5,50.696,5.8922,0.0018704,-0.19835,0.19835
84.77,80.937,572.49,3,6,100,19.004,0.0021736,3.8333,3.8333
106.74,104.91,894.56,4,4,99.967,48.134,0.0058448,1.8292,1.8292
18.227,17.297,12.7,1,18,99.252,41.692,96.774,0.93083,0.93083
6.41,6.4713,12.7,2,4,52.944,38.415,0.0080256,-0.061272,0.061272
16.87,14.742,12.7,1,14,52.353,5.8799,96.452,2.1281,2.1281
10.08,9.6584,12.7,2,8,98.653,30.972,0.0067288,0.42165,0.42165
77.05,77.971,572.49,3,5,50.729,7.3553,0.0023328,-0.92132,0.92132
18.29,17.297,12.7,1,16,98.965,54.545,96.154,0.99333,0.99333
7.045,9.6584,12.7,2,9,98.59,56.92,0.0076496,-2.6134,2.6134
81.975,82.406,572.49,3,8,100.1,52.825,0.0019712,-0.43083,0.43083
8.01,6.4713,12.7,2,5,51.241,25.307,0.0017368,1.5387,1.5387
80.29,86.368,572.49,3,10,99.965,26.151,0.0058408,-6.0779,6.0779
105.72,104.91,894.56,4,5,99.956,19.055,0.006076,0.80917,0.80917
16.473,14.742,12.7,1,14,38.9,5.9003,97.101,1.7306,1.7306
8.245,12.885,12.7,2,11,80.86,24.562,0.0083072,-4.6401,4.6401
83.115,82.406,572.49,3,8,40.471,7.3934,0.0022576,0.70917,0.70917
109.7,106.87,894.56,4,5,50.42,5.9575,0.0063248,2.8317,2.8317
18.477,17.297,12.7,1,16,99.325,25.517,96.338,1.1808,1.1808
6.985,9.6584,12.7,2,8,98.713,27.94,0.0095808,-2.6734,2.6734
85.625,82.406,572.49,3,8,100.03,46.389,0.0022144,3.2192,3.2192
108.35,104.91,894.56,4,4,99.919,22.3,0.0059752,3.4392,3.4392
12.467,14.742,12.7,1,15,99.223,28.76,96.883,-2.2744,2.2744
6.59,8.3865,12.7,2,7,53.67,68.649,0.0085432,-1.7965,1.7965
74.11,75.299,572.49,3,4,99.981,68.98,0.0021544,-1.1889,1.1889
6.6,7.8516,12.7,1,4,51.601,5.9243,98.773,-1.2516,1.2516
6.27,6.4713,12.7,2,3,99.908,29.319,0.0020536,-0.20127,0.20127
72.67,75.299,572.49,3,3,49.384,29.432,0.0044696,-2.6289,2.6289
10.475,9.6584,12.7,1,9,99.225,68.468,96.934,0.81665,0.81665
9.4933,9.6584,12.7,2,9,99.444,68.865,0.0023952,-0.16502,0.16502
83.845,82.406,572.49,3,9,100.35,47.125,0.0023216,1.4392,1.4392
7.33,7.8516,12.7,1,4,99.134,32.007,98.458,-0.52155,0.52155
7.58,6.4713,12.7,2,5,50.921,62.601,0.0020032,1.1087,1.1087
85.865,80.937,572.49,3,7,99.983,65.009,0.003528,4.9283,4.9283
10.07,7.8516,12.7,1,5,51.991,5.9355,97.101,2.2184,2.2184
9.325,9.6584,12.7,2,9,100.15,54.294,0.0023968,-0.33335,0.33335
94.65,82.654,572.49,3,9,49.482,7.3826,0.0028392,11.996,11.996
12.693,12.885,12.7,1,12,99.305,28.745,97.381,-0.19173,0.19173
16.09,12.885,12.7,2,12,98.965,30.544,0.0031576,3.2049,3.2049
108.41,107.49,894.56,4,4,100.21,64.269,0.0018784,0.91919,0.91919
13.583,12.885,12.7,2,12,51.815,39.105,0.001572,0.69827,0.69827
105.5,104.91,894.56,4,4,99.99,31.896,0.0018416,0.58917,0.58917
21.544,17.297,12.7,1,20,51.043,5.9434,96.804,4.2473,4.2473
90.62,82.406,572.49,3,9,49.923,5.99,0.0016776,8.2142,8.2142
107.03,106.87,894.56,4,4,51.636,6.0206,0.0079512,0.16165,0.16165
10.88,12.885,12.7,1,11,87.157,22.263,96.79,-2.0051,2.0051
14.098,14.742,12.7,2,15,90.05,23.448,0.0028728,-0.64436,0.64436
77.28,77.971,572.49,3,5,99.169,59.119,0.0025776,-0.69132,0.69132
107.24,107.49,894.56,4,4,100.13,64.433,0.0043616,-0.25081,0.25081
5.42,7.8516,12.7,1,5,74.753,12.625,96.463,-2.4316,2.4316
7.14,6.4713,12.7,2,4,49.84,37.23,0.0023248,0.66873,0.66873
102.36,104.91,894.56,4,5,75.1,9.3746,0.0017952,-2.5508,2.5508
9.4867,12.885,12.7,2,12,99.715,61.043,0.001864,-3.3984,3.3984
106.28,106.87,894.56,4,4,49.942,5.9805,0.0018432,-0.58835,0.58835
6.86,8.3865,12.7,2,6,99.994,64.419,0.0017872,-1.5265,1.5265
13.19,14.742,12.7,1,14,99.065,54.521,97.463,-1.5519,1.5519
17.135,14.742,12.7,2,15,99.994,56.689,0.0017672,2.3931,2.3931
87.49,75.299,572.49,3,3,99.315,37.654,0.0042344,12.191,12.191
106.56,104.91,894.56,4,5,99.953,62.269,0.0042696,1.6492,1.6492
9.19,9.6584,12.7,1,9,99.078,57.45,49.18,-0.46835,0.46835
7.82,6.4713,12.7,2,4,52.769,52.097,0.0028112,1.3487,1.3487
108.14,104.91,894.56,4,5,99.992,21.851,0.0017792,3.2292,3.2292
14.297,14.742,12.7,1,14,51.342,5.5598,49.474,-0.44436,0.44436
7.57,6.4713,12.7,2,5,98.701,21.08,0.0063664,1.0987,1.0987
94.49,82.406,572.49,3,10,49.605,6.3382,0.0021056,12.084,12.084
8.815,8.3865,12.7,1,7,99.217,31.601,49.644,0.42851,0.42851
7.7,8.3865,12.7,2,7,99.323,32.862,0.002596,-0.68649,0.68649
78.82,77.971,572.49,3,5,100.19,38.77,0.0024032,0.84868,0.84868
8.225,8.3865,12.7,1,7,99.071,31.613,49.282,-0.16149,0.16149
11.83,12.885,12.7,2,11,33.759,19.802,0.0025368,-1.0551,1.0551
79.605,80.937,572.49,3,6,63.888,20.042,0.0025208,-1.3317,1.3317
11.467,12.885,12.7,2,11,99.992,47.703,0.0017472,-1.4184,1.4184
77.09,75.299,572.49,3,4,50.838,7.8033,0.0034328,1.7911,1.7911
107.96,106.87,894.56,4,5,50.971,5.6387,0.0041328,1.0917,1.0917
16.343,14.742,12.7,1,14,98.978,28.352,50.407,1.6006,1.6006
15.877,12.885,12.7,2,12,98.594,30.745,0.0068352,2.9916,2.9916
76.04,75.299,572.49,3,4,99.742,25.844,0.0027384,0.74107,0.74107
16.142,17.297,12.7,1,20,99.09,18.738,48.815,-1.1547,1.1547
80.577,82.406,572.49,3,10,99.829,67.342,0.0016696,-1.8292,1.8292
12.36,17.297,12.7,1,19,25.378,5.6327,49.638,-4.9367,4.9367
4.9,6.4713,12.7,2,3,54.754,11.384,0.012577,-1.5713,1.5713
77.3,77.971,572.49,3,5,25.86,6.3783,0.0021104,-0.67132,0.67132
19.375,17.297,12.7,1,17,74.793,9.0854,49.017,2.0783,2.0783
12.257,12.885,12.7,2,12,79.811,11.471,0.012597,-0.6284,0.6284
80.145,80.937,572.49,3,6,99.422,54.729,0.0025176,-0.79175,0.79175
16.563,14.742,12.7,1,14,99.119,44.704,49.311,1.8206,1.8206
74.8,75.299,572.49,3,4,99.992,28.481,0.001708,-0.49893,0.49893
12.44,12.885,12.7,1,11,52.392,5.6511,49.483,-0.44507,0.44507
13.05,9.6584,12.7,2,9,99.546,68.582,0.00338,3.3916,3.3916
77.23,75.299,572.49,3,4,50.935,7.0842,0.0022,1.9311,1.9311
13.15,12.885,12.7,1,11,99.038,47.945,49.453,0.26493,0.26493
8.135,9.6584,12.7,2,9,99.319,49.22,0.0047464,-1.5234,1.5234
94.305,82.406,572.49,3,9,100.01,71.688,0.0021936,11.899,11.899
108.66,107.49,894.56,4,5,100.36,54.44,0.0062576,1.1692,1.1692
5.83,7.8516,12.7,1,5,99.03,38.256,49.721,-2.0216,2.0216
75.45,75.299,572.49,3,4,99.994,70.475,0.0017912,0.15107,0.15107
106.65,104.91,894.56,4,5,99.975,64.062,0.0036744,1.7392,1.7392
6.61,7.8516,12.7,1,5,51.538,5.6887,49.803,-1.2416,1.2416
82.2,82.406,572.49,3,10,49.72,5.6999,0.0020792,-0.20583,0.20583
14.928,14.742,12.7,1,15,99.059,47.927,48.945,0.18564,0.18564
6.42,6.4713,12.7,2,5,98.757,50.385,0.010921,-0.051272,0.051272
74.36,75.299,572.49,3,4,100.31,45.398,0.0021696,-0.93893,0.93893
105.45,104.91,894.56,4,5,76.004,12.379,0.0042472,0.53917,0.53917
6.47,8.3865,12.7,1,6,75.619,12.383,48.501,-1.9165,1.9165
7.76,9.6584,12.7,2,8,53.397,16.827,0.0024632,-1.8984,1.8984
74.02,75.299,572.49,3,3,99.979,17.059,0.0020848,-1.2789,1.2789
89.125,82.406,572.49,3,9,49.996,21.935,0.0019976,6.7192,6.7192
106.92,106.87,894.56,4,5,51.526,5.7619,0.006072,0.051653,0.051653
5.92,6.4713,12.7,2,4,99.99,64.194,0.0017472,-0.55127,0.55127
76.58,75.299,572.49,3,2,100.2,19.562,0.0055136,1.2811,1.2811
6.84,7.8516,12.7,1,4,99.23,31.853,49.145,-1.0116,1.0116
7.22,6.4713,12.7,2,4,50.621,58.298,0.0022512,0.74873,0.74873
84.245,80.937,572.49,3,6,99.99,58.387,0.005336,3.3083,3.3083
14.42,12.885,12.7,1,11,50.594,5.736,49.644,1.5349,1.5349
8.1,6.4713,12.7,2,5,99.486,23.235,0.0037288,1.6287,1.6287
76.5,80.937,572.49,3,7,50.619,7.2473,0.0020248,-4.4367,4.4367
88.67,80.937,572.49,3,6,100.15,34.755,0.0021992,7.7333,7.7333
10.045,9.6584,12.7,1,9,74.844,12.395,49.308,0.38665,0.38665
73.22,75.299,572.49,3,2,99.99,70.59,0.0017056,-2.0789,2.0789
17.38,17.297,12.7,1,17,51.689,5.7458,49.994,0.083332,0.083332
13.325,12.885,12.7,2,11,98.617,73.05,0.0084928,0.43993,0.43993
70.76,75.299,572.49,3,2,51.641,7.0972,0.002736,-4.5389,4.5389
12.092,14.742,12.7,1,14,50.506,9.1248,49.932,-2.6494,2.6494
10.685,11.448,12.7,2,10,55.653,11.529,0.0076712,-0.76329,0.76329
86.61,82.406,572.49,3,8,88.828,23.468,0.0024352,4.2042,4.2042
10.487,12.885,12.7,1,12,98.984,67.369,49.717,-2.3984,2.3984
6.525,9.6584,12.7,2,8,29.467,14.181,0.0030856,-3.1334,3.1334
12.2,12.885,12.7,1,12,99.394,18.812,49.134,-0.68507,0.68507
74.58,75.299,572.49,3,4,100.28,28.52,0.0017168,-0.71893,0.71893
9.9933,12.885,12.7,1,12,99.994,24.293,0.001632,-2.8917,2.8917
6.805,8.3865,12.7,2,6,48.541,13.978,0.0051232,-1.5815,1.5815
82.435,80.937,572.49,3,7,87.501,13.619,95.78,1.4983,1.4983
19.898,19.44,12.7,1,18,51.469,5.4795,0.0017224,0.45794,0.45794
9.175,9.6584,12.7,2,9,98.513,43.773,0.0078552,-0.48335,0.48335
74.25,75.299,572.49,3,3,48.747,7.0522,95.513,-1.0489,1.0489
19.51,17.297,12.7,1,20,99.996,18.66,0.0013928,2.2133,2.2133
5.08,6.4713,12.7,2,3,98.555,21.783,0.01292,-1.3913,1.3913
15.083,14.742,12.7,1,15,99.992,54.162,0.0016872,0.34064,0.34064
7.225,9.6584,12.7,2,9,53.397,55.82,0.0076264,-2.4334,2.4334
87.11,82.318,572.49,3,10,97.905,62.169,97.462,4.7919,4.7919
101.32,104.91,894.56,4,4,99.956,41.403,0.0062832,-3.5908,3.5908
7.32,9.6584,12.7,1,9,51.034,5.5632,0.00186,-2.3384,2.3384
10.59,12.885,12.7,2,12,99.313,32.769,0.0026016,-2.2951,2.2951
75.58,77.971,572.49,3,5,49.678,7.8138,96.425,-2.3913,2.3913
104.7,106.87,894.56,4,5,51.138,5.6257,0.003796,-2.1683,2.1683
15.227,14.742,12.7,1,14,99.99,34.58,0.0015856,0.48564,0.48564
10.767,12.885,12.7,2,12,98.751,37.303,0.0060792,-2.1184,2.1184
80.195,77.971,572.49,3,5,78.313,24.028,96.658,2.2237,2.2237
106.8,107.49,894.56,4,5,100.14,41.356,0.0061368,-0.69081,0.69081
10.93,9.6584,12.7,2,9,50.703,31.571,0.0017968,1.2716,1.2716
73.59,75.299,572.49,3,3,98.153,33.033,95.686,-1.7089,1.7089
10.255,9.6584,12.7,1,9,51.898,5.5957,0.0017176,0.59665,0.59665
76.23,75.299,572.49,3,3,49.551,5.6393,97.384,0.93107,0.93107
105.26,106.87,894.56,4,5,50.387,5.6393,0.0035344,-1.6083,1.6083
8.75,8.3865,12.7,1,7,100.04,25.189,0.0016328,0.36351,0.36351
10.24,11.448,12.7,2,10,99.675,26.426,0.0024032,-1.2083,1.2083
77.99,75.299,572.49,3,2,98.495,42.792,96.978,2.6911,2.6911
108.28,107.49,894.56,4,4,100.29,64.62,0.0040608,0.78919,0.78919
13.35,14.742,12.7,1,13,87.574,21.875,0.0017144,-1.3919,1.3919
11.273,12.885,12.7,2,12,52.73,59.378,0.0045592,-1.6117,1.6117
16.02,19.44,12.7,1,17,49.093,5.4833,0.0018248,-3.4196,3.4196
8.77,8.3865,12.7,2,7,98.823,24.414,0.011302,0.38351,0.38351
22.944,17.297,12.7,1,20,99.994,39.592,0.001672,5.6473,5.6473
80.235,86.368,572.49,3,9,99.104,54.381,96.66,-6.1329,6.1329
19.635,17.297,12.7,1,17,99.992,57.623,0.001636,2.3383,2.3383
8.4,11.448,12.7,2,10,52.799,27.857,0.011602,-3.0483,3.0483
103.57,104.91,894.56,4,5,62.718,15.445,0.0017776,-1.3408,1.3408
12.3,12.885,12.7,1,12,51.967,5.6145,0.0018632,-0.58507,0.58507
9.34,8.3865,12.7,2,6,99.113,40.036,0.0046848,0.95351,0.95351
74.67,75.299,572.49,3,4,50.098,7.1991,96.797,-0.62893,0.62893
106.32,106.87,894.56,4,4,50.194,5.6845,0.0036608,-0.54835,0.54835
10.16,12.885,12.7,1,12,87.542,15.564,0.0016792,-2.7251,2.7251
7.64,8.3865,12.7,2,6,90.003,17.37,0.0046408,-0.74649,0.74649
106.87,104.91,894.56,4,4,75.144,22.074,0.0017392,1.9592,1.9592
11.515,9.6584,12.7,1,9,99.99,44.848,0.0016008,1.8566,1.8566
9.695,9.6584,12.7,2,9,53.39,37.074,0.0026328,0.036647,0.036647
79.615,82.318,572.49,3,8,98.061,55.993,95.733,-2.7031,2.7031
103.49,104.91,894.56,4,4,99.954,70.329,0.0060384,-1.4208,1.4208
12.057,12.885,12.7,1,12,49.866,5.8421,0.0017368,-0.8284,0.8284
7.245,8.3865,12.7,2,6,98.953,33.709,0.0052496,-1.1415,1.1415
16.312,17.297,12.7,1,20,99.99,31.781,0.0016176,-0.98467,0.98467
8.54,12.885,12.7,2,11,98.457,34.954,0.013358,-4.3451,4.3451
84.495,77.971,572.49,3,5,98.12,59.26,94.432,6.5237,6.5237
5.93,7.8516,12.7,1,5,99.992,67.46,0.0017,-1.9216,1.9216
6.52,6.4713,12.7,2,4,51.624,33.82,0.0020888,0.048728,0.048728
86.525,82.318,572.49,3,9,98.405,35.948,96.606,4.2069,4.2069
104.34,104.91,894.56,4,4,99.967,38.367,0.0058888,-0.57083,0.57083
17.025,17.297,12.7,1,18,38.849,5.8499,0.0018328,-0.27167,0.27167
6.36,9.6584,12.7,2,8,80.153,21.348,0.01214,-3.2984,3.2984
15.02,17.297,12.7,1,19,75.176,9.1742,0.0017328,-2.2767,2.2767
10.17,9.6584,12.7,2,9,80.03,11.727,0.010453,0.51165,0.51165
109.09,107.49,894.56,4,5,100.3,56.51,0.0016528,1.5992,1.5992
8.2,7.8516,12.7,1,4,50.177,9.1904,0.001592,0.34845,0.34845
14.948,14.742,12.7,2,15,49.492,71.408,0.002132,0.20564,0.20564
75.52,75.299,572.49,3,4,97.168,73.531,97.852,0.22107,0.22107
106.54,104.91,894.56,4,5,99.965,67.509,0.0040392,1.6292,1.6292
15.5,17.297,12.7,1,20,51.149,5.8745,0.0017728,-1.7967,1.7967
16.65,14.742,12.7,2,13,98.669,64.179,0.01483,1.9081,1.9081
88.56,82.654,572.49,3,8,49.779,8.1909,93.954,5.9058,5.9058
107.17,106.87,894.56,4,4,50.241,5.95,0.0060024,0.30165,0.30165
16.935,14.742,12.7,1,15,100.06,31.912,0.001604,2.1931,2.1931
15.495,12.885,12.7,2,11,98.622,34.331,0.007292,2.6099,2.6099
89.39,82.318,572.49,3,10,87.602,20.47,95.487,7.0719,7.0719
9.2467,14.742,12.7,1,13,25.176,9.1938,0.0016936,-5.4952,5.4952
10.83,9.6584,12.7,2,9,53.115,27.306,0.0067136,1.1716,1.1716
75.59,80.937,572.49,3,6,98.086,26.934,94.709,-5.3467,5.3467
101.92,104.91,894.56,4,4,99.958,35.22,0.0041056,-2.9908,2.9908
12.547,17.297,12.7,1,16,99.827,60.909,0.0016056,-4.7492,4.7492
13.315,12.885,12.7,1,11,50.934,5.7874,0.0014344,0.42993,0.42993
8.29,9.6584,12.7,2,8,99.598,49.427,0.0039464,-1.3684,1.3684
77.165,77.971,572.49,3,5,49.832,7.4796,95.282,-0.80632,0.80632
8.04,7.8516,12.7,1,5,62.729,15.717,0.0017432,0.18845,0.18845
6.64,9.6584,12.7,2,8,63.886,16.335,0.0020344,-3.0184,3.0184
13.803,17.297,12.7,1,16,99.994,31.898,0.0017,-3.4942,3.4942
9.34,9.6584,12.7,2,8,53.487,34.82,0.0092856,-0.31835,0.31835
74.58,75.299,572.49,3,4,98.328,39.99,96.313,-0.71893,0.71893
10.285,9.6584,12.7,1,9,49.693,5.9162,0.0014144,0.62665,0.62665
9.935,11.448,12.7,2,10,99.536,59.199,0.0023056,-1.5133,1.5133
90.557,88.808,572.49,3,10,51.291,7.4361,96.421,1.7488,1.7488
11.127,14.742,12.7,2,13,22.56,9.9664,0.0037608,-3.6152,3.6152
75.68,77.971,572.49,3,5,40.03,10.988,97.033,-2.2913,2.2913
100.73,104.91,894.56,4,4,99.99,38.019,0.003808,-4.1808,4.1808
15.512,14.742,12.7,1,14,37.918,5.4826,0.0017728,0.77064,0.77064
85.09,84.469,572.49,3,6,37.46,5.5544,98.119,0.62146,0.62146
109.13,106.87,894.56,4,5,51.097,5.5984,0.0060816,2.2617,2.2617
8.935,9.6584,12.7,1,9,37.718,12.064,0.0016424,-0.72335,0.72335
12.737,12.885,12.7,2,12,40.225,13.258,0.0025024,-0.1484,0.1484
76.1,75.299,572.49,3,2,98.136,61.87,95.81,0.80107,0.80107
108.3,104.91,894.56,4,4,88.315,21.853,0.0040064,3.3892,3.3892
19.11,17.297,12.7,1,19,99.99,54.316,0.0017144,1.8133,1.8133
14.377,12.885,12.7,2,12,36.798,17.836,0.011983,1.4916,1.4916
14.72,14.742,12.7,1,13,51.31,5.4353,0.0018712,-0.021858,0.021858
75.97,83.429,572.49,3,5,50.58,5.6243,95.098,-7.4587,7.4587
106.54,108.05,894.56,4,4,32.616,5.6225,0.0062336,-1.5121,1.5121
16.476,17.297,12.7,1,20,100.06,67.139,0.0016752,-0.82067,0.82067
15.883,14.742,12.7,2,15,98.497,70.18,0.01372,1.1415,1.1415
88.45,82.318,572.49,3,10,98.057,56.495,96.308,6.1319,6.1319
101.77,104.91,894.56,4,5,76.27,16.224,0.0040648,-3.1408,3.1408
17.902,17.297,12.7,1,20,99.994,63.972,0.0016944,0.60533,0.60533
5.82,6.4713,12.7,2,2,50.626,55.396,0.016442,-0.65127,0.65127
72.9,77.971,572.49,3,5,98.505,58.368,95.068,-5.0713,5.0713
103.11,104.91,894.56,4,4,76.002,21.907,0.0035368,-1.8008,1.8008
19.015,19.44,12.7,1,19,50.526,5.5902,0.001776,-0.42456,0.42456
15.403,14.742,12.7,2,15,98.794,63.229,0.011194,0.66064,0.66064
77.42,77.971,572.49,3,5,49.714,8.5303,95.722,-0.55132,0.55132
5.31,6.4713,12.7,2,4,99.994,44.503,0.0015752,-1.1613,1.1613
76.09,75.299,572.49,3,3,98.838,42.182,95.02,0.79107,0.79107
20.56,14.742,12.7,1,13,75.169,21.864,0.0016648,5.8181,5.8181
12.475,9.6584,12.7,2,9,54.788,40.375,0.005524,2.8166,2.8166
77.23,80.937,572.49,3,6,98.488,36.368,96.889,-3.7067,3.7067
8.11,6.4713,12.7,2,4,99.992,31.521,0.0013456,1.6387,1.6387
77.2,75.299,572.49,3,3,48.777,6.3618,96.625,1.9011,1.9011
18.317,17.297,12.7,1,16,100.08,63.012,0.0016608,1.0208,1.0208
85.785,86.368,572.49,3,9,98.911,67.085,96.478,-0.58286,0.58286
8.455,9.6584,12.7,1,9,75.191,18.684,0.0016368,-1.2034,1.2034
11.387,11.448,12.7,2,10,52.744,30.413,0.0024376,-0.061621,0.061621
77.21,80.937,572.49,3,6,98.19,40.372,94.069,-3.7267,3.7267
103.27,104.91,894.56,4,4,99.954,51.156,0.0040088,-1.6408,1.6408
8.885,8.3865,12.7,1,7,37.583,5.625,0.001812,0.49851,0.49851
12.16,12.885,12.7,2,12,77.603,19.886,0.0017504,-0.72507,0.72507
78.29,75.299,572.49,3,4,40.136,7.8684,96.4,2.9911,2.9911
18.247,17.297,12.7,1,18,75.165,12.319,0.001748,0.95083,0.95083
16.763,14.742,12.7,2,14,80.146,14.753,0.0094576,2.0215,2.0215
87.965,82.318,572.49,3,9,89.044,27.372,97.266,5.6469,5.6469
8.135,8.3865,12.7,1,7,99.992,44.664,0.0017168,-0.25149,0.25149
11.203,12.885,12.7,2,11,51.902,37.645,0.0022352,-1.6817,1.6817
16.52,14.742,12.7,1,13,99.987,31.579,0.0016272,1.7781,1.7781
16.393,14.742,12.7,2,13,99.015,33.517,0.0058048,1.6515,1.6515
101.93,104.91,894.56,4,4,63.874,18.779,0.0062576,-2.9808,2.9808
11.675,12.885,12.7,2,11,49.678,31.272,0.0015936,-1.2101,1.2101
86.78,80.937,572.49,3,7,98.124,36.503,95.921,5.8433,5.8433
7.5,7.8516,12.7,1,4,50.556,5.7085,0.0018048,-0.35155,0.35155
7.205,8.3865,12.7,2,7,99.983,61.57,0.00206,-1.1815,1.1815
84.905,88.808,572.49,3,10,50.157,7.2468,97.18,-3.9029,3.9029
12.047,14.742,12.7,1,15,99.965,51.181,0.0016744,-2.6944,2.6944
88.5,82.318,572.49,3,9,98.274,54.328,95.505,6.1819,6.1819
16.7,14.742,12.7,1,13,50.675,5.7295,0.001804,1.9581,1.9581
8.48,9.6584,12.7,2,8,99.028,20.674,0.005632,-1.1784,1.1784
79.18,80.937,572.49,3,7,49.986,7.2157,95.388,-1.7567,1.7567
17.083,14.742,12.7,1,13,87.443,15.594,0.0016192,2.3415,2.3415
8.625,8.3865,12.7,2,7,90.367,17.466,0.0055672,0.23851,0.23851
77.82,75.299,572.49,3,4,99.004,49.505,97.2,2.5211,2.5211
111.31,104.91,894.56,4,4,99.804,67.861,0.0038264,6.3992,6.3992
15.253,14.742,12.7,1,15,99.99,64.079,0.0017736,0.51064,0.51064
8.08,9.6584,12.7,2,8,53.622,30.9,0.0082008,-1.5784,1.5784
74.86,75.299,572.49,3,2,98.486,29.938,97.316,-0.43893,0.43893
13.445,17.297,12.7,1,16,12.777,5.7391,0.0019352,-3.8517,3.8517
93.94,88.842,572.49,3,9,12.511,5.7951,96.341,5.0983,5.0983
106.28,106.87,894.56,4,5,51.173,5.7904,0.0063072,-0.58835,0.58835
8.325,12.885,12.7,2,11,99.992,67.39,0.00162,-4.5601,4.5601
90.07,82.318,572.49,3,10,98.376,42.926,97.049,7.7519,7.7519
15.217,14.742,12.7,1,14,87.585,15.606,0.001724,0.47564,0.47564
9.815,8.3865,12.7,1,7,49.231,5.6199,0.0018792,1.4285,1.4285
8.08,8.3865,12.7,2,6,99.786,33.006,0.0021296,-0.30649,0.30649
107.53,108.05,894.56,4,4,12.46,5.7777,0.0017376,-0.52214,0.52214
8.22,7.8516,12.7,1,4,100.27,60.873,0.001616,0.36845,0.36845
13.87,12.885,12.7,2,11,99.919,61.498,0.002068,0.98493,0.98493
83.575,84.469,572.49,3,6,98.67,55.836,98.39,-0.89354,0.89354
11.96,9.6584,12.7,1,8,62.676,9.1427,0.0017168,2.3016,2.3016
9.38,8.3865,12.7,2,6,52.282,52.495,0.002276,0.99351,0.99351
81.5,77.971,572.49,3,5,98.344,52.041,98.118,3.5287,3.5287
106.89,104.91,894.56,4,5,99.969,34.999,0.0061376,1.9792,1.9792
13.762,14.742,12.7,1,15,51.335,5.742,0.0018168,-0.97936,0.97936
7.93,9.6584,12.7,2,9,98.632,24.562,0.0076368,-1.7284,1.7284
7.835,7.8516,12.7,1,5,87.588,25.136,0.0017616,-0.016551,0.016551
12.253,14.742,12.7,2,13,88.885,26.486,0.0020328,-2.4894,2.4894
96.407,82.318,572.49,3,8,98.093,60.57,95.943,14.089,14.089
116.34,104.91,894.56,4,4,99.623,56.278,0.0079544,11.429,11.429
9.3175,7.8516,12.7,1,4,99.994,35.676,0.0017152,1.4659,1.4659
10.181,12.885,12.7,2,12,52.447,32.224,0.0023096,-2.7042,2.7042
9.06,6.4713,12.7,2,4,49.163,37.175,0.0015848,2.5887,2.5887
79.17,77.971,572.49,3,5,97.893,38.421,49.52,1.1987,1.1987
20.265,19.44,12.7,1,18,50.626,5.297,0.0018296,0.82544,0.82544
14.963,12.885,12.7,2,11,98.742,46.767,0.011226,2.0783,2.0783
75.21,75.299,572.49,3,3,50.159,7.5912,48.324,-0.088929,0.088929
14.257,12.885,12.7,2,12,99.992,63.696,0.0016776,1.3716,1.3716
75.5,75.299,572.49,3,4,98.511,20.775,48.786,0.20107,0.20107
105.08,104.91,894.56,4,4,76.374,21.632,0.003952,0.16917,0.16917
9.2,7.8516,12.7,1,5,62.699,8.7605,0.0017568,1.3484,1.3484
9.1,11.448,12.7,2,10,50.059,32.463,0.0021208,-2.3483,2.3483
12.628,14.742,12.7,1,15,50.35,5.254,0.0018728,-2.1144,2.1144
9.205,8.3865,12.7,2,7,98.626,53.265,0.0062768,0.81851,0.81851
90.505,88.808,572.49,3,10,50.046,6.8637,49.647,1.6971,1.6971
11.687,14.742,12.7,1,13,100.16,60.609,0.001772,-3.0552,3.0552
83.875,86.368,572.49,3,8,98.518,31.441,49.109,-2.4929,2.4929
107.77,107.49,894.56,4,5,100.24,50.827,0.006244,0.27919,0.27919
10.41,9.6584,12.7,2,9,50.276,26.587,0.001624,0.75165,0.75165
74.65,75.299,572.49,3,4,98.026,36.082,48.448,-0.64893,0.64893
19.543,19.44,12.7,1,17,37.873,5.3976,0.0017712,0.10294,0.10294
5.41,6.4713,12.7,2,3,80.302,24.077,0.0074712,-1.0613,1.0613
13.36,11.448,12.7,1,10,100.39,53.594,0.001788,1.9117,1.9117
6.92,8.3865,12.7,2,6,99.582,61.829,0.0022888,-1.4665,1.4665
83.225,86.368,572.49,3,8,98.599,35.357,49.872,-3.1429,3.1429
106.72,107.49,894.56,4,5,100.06,54.146,0.006364,-0.77081,0.77081
17.038,17.297,12.7,1,20,99.992,50.906,0.001872,-0.25867,0.25867
6.6,6.4713,12.7,2,4,51.778,61.425,0.01388,0.12873,0.12873
92.15,82.318,572.49,3,10,97.608,65.463,50.085,9.8319,9.8319
17.438,19.44,12.7,1,18,50.931,5.4341,0.0017672,-2.0021,2.0021
5.63,6.4713,12.7,2,2,98.584,17.806,0.0098008,-0.84127,0.84127
85.54,82.654,572.49,3,10,49.22,6.2117,48.965,2.8858,2.8858
100.53,106.87,894.56,4,5,49.836,5.4884,0.0060072,-6.3383,6.3383
7.665,8.3865,12.7,1,7,99.99,24.979,0.0016384,-0.72149,0.72149
7.49,8.3865,12.7,2,7,99.352,26.24,0.00206,-0.89649,0.89649
79.44,86.368,572.49,3,8,98.686,42.717,49.097,-6.9279,6.9279
107.02,107.49,894.56,4,5,100.08,30.572,0.0061136,-0.47081,0.47081
16.14,14.742,12.7,1,13,99.992,50.96,0.001672,1.3981,1.3981
14.16,14.742,12.7,2,13,54.069,17.184,0.004844,-0.58186,0.58186
82.38,80.937,572.49,3,7,98.12,17.475,48.964,1.4433,1.4433
83.59,80.937,572.49,3,7,49.162,50.768,49.13,2.6533,2.6533
106.36,106.87,894.56,4,5,44.892,5.4776,0.0058448,-0.50835,0.50835
15.8,17.297,12.7,1,18,100.24,50.963,0.0017376,-1.4967,1.4967
8.5,8.3865,12.7,2,7,98.761,53.39,0.0085,0.11351,0.11351
87.47,86.368,572.49,3,9,98.755,56.234,49.346,1.1021,1.1021
108.35,107.49,894.56,4,5,100.06,25.106,0.0059608,0.85919,0.85919
9.31,8.3865,12.7,1,6,75.164,21.759,0.0016624,0.92351,0.92351
8.22,6.4713,12.7,2,4,51.494,39.653,0.002396,1.7487,1.7487
75.69,75.299,572.49,3,4,97.949,35.541,48.911,0.39107,0.39107
7.035,8.3865,12.7,1,6,43.635,5.4873,0.001804,-1.3515,1.3515
9.21,6.4713,12.7,2,5,88.901,16.559,0.0022488,2.7387,2.7387
78.52,75.299,572.49,3,3,98.651,36.341,49.011,3.2211,3.2211
23.42,17.297,12.7,1,20,62.696,12.092,0.0017376,6.1233,6.1233
17.283,12.885,12.7,2,12,52.679,28.803,0.014728,4.3983,4.3983
75.32,75.299,572.49,3,4,97.895,30.549,49.103,0.021071,0.021071
18.215,19.44,12.7,1,19,50.617,5.5065,0.0018144,-1.2246,1.2246
5.9,6.4713,12.7,2,3,98.694,59.822,0.0091672,-0.57127,0.57127
80.845,80.937,572.49,3,6,51.249,6.2946,49.508,-0.09175,0.09175
17.317,14.742,12.7,1,13,99.987,31.51,0.001728,2.5748,2.5748
11.73,11.448,12.7,2,10,98.892,33.358,0.0051336,0.28171,0.28171
80.3,80.937,572.49,3,7,98.678,39.468,49.91,-0.63675,0.63675
108.85,107.49,894.56,4,4,100.36,62.185,0.0056232,1.3592,1.3592
8.28,8.3865,12.7,1,7,99.994,34.744,0.0017336,-0.10649,0.10649
13.023,14.742,12.7,2,13,27.554,10.13,0.0021744,-1.7185,1.7185
79.33,80.937,572.49,3,6,52.883,11.078,49.751,-1.6067,1.6067
82.18,86.274,572.49,3,9,50.501,5.4799,49.336,-4.0944,4.0944
16.575,17.297,12.7,1,18,100.05,66.119,0.0017448,-0.72167,0.72167
11.305,11.448,12.7,2,10,98.555,69.662,0.009176,-0.14329,0.14329
72.79,75.299,572.49,3,3,63.973,20.013,49.45,-2.5089,2.5089
9.52,8.3865,12.7,1,7,50.198,15.313,0.0016984,1.1335,1.1335
6.13,6.4713,12.7,2,5,15.162,7.5182,0.0024808,-0.34127,0.34127
86.75,82.318,572.49,3,10,25.333,9.5792,49.698,4.4319,4.4319
105.27,104.91,894.56,4,5,99.942,67.243,0.0064976,0.35917,0.35917
10.55,12.885,12.7,1,11,51.162,5.54,0.0018064,-2.3351,2.3351
11.385,14.742,12.7,2,15,99.242,53.947,0.0027472,-3.3569,3.3569
86.665,82.654,572.49,3,10,49.821,8.5421,50.244,4.0108,4.0108
106.22,106.87,894.56,4,4,50.406,5.6383,0.0062408,-0.64835,0.64835
12.485,14.742,12.7,1,14,99.992,37.551,0.0017576,-2.2569,2.2569
76.66,75.299,572.49,3,4,98.551,35.739,48.34,1.3611,1.3611
106.74,107.49,894.56,4,4,100.52,60.171,0.004096,-0.75081,0.75081
16.01,14.742,12.7,2,15,49.876,41.823,0.0013592,1.2681,1.2681
88.97,82.318,572.49,3,10,97.653,63.607,50.101,6.6519,6.6519
12.917,12.885,12.7,1,12,18.808,5.5563,0.0017856,0.0316,0.0316
15.94,14.742,12.7,2,13,41.344,13.931,0.0031576,1.1981,1.1981
86.99,88.842,572.49,3,8,20.991,7.7867,48.81,-1.8517,1.8517
8.385,9.6584,12.7,1,8,50.164,12.155,0.0016928,-1.2734,1.2734
84.755,80.937,572.49,3,6,99.317,54.344,48.904,3.8183,3.8183
14.985,14.742,12.7,1,14,37.712,8.9118,0.0017176,0.24314,0.24314
8.03,8.3865,12.7,2,7,55.451,50.332,0.007656,-0.35649,0.35649
7.88,8.3865,12.7,1,7,50.576,5.4678,0.0018432,-0.50649,0.50649
6.82,6.4713,12.7,2,5,99.829,71.668,0.002408,0.34873,0.34873
81.26,77.971,572.49,3,5,49.983,6.3328,49.425,3.2887,3.2887
7,7.8516,12.7,1,5,99.99,70.337,0.0016464,-0.85155,0.85155
13.163,12.885,12.7,2,12,39.117,16.063,0.0021816,0.27827,0.27827
10.345,11.448,12.7,1,10,49.566,5.4713,0.0017672,-1.1033,1.1033
14.215,12.885,12.7,2,11,99.288,29.602,0.0024864,1.3299,1.3299
10.87,9.6584,12.7,1,9,50.23,5.4783,0.0019488,1.2116,1.2116
6.06,6.4713,12.7,2,2,99.359,58.262,0.00254,-0.41127,0.41127
73.77,75.299,572.49,3,2,50.207,6.4125,49.682,-1.5289,1.5289
10.477,11.448,12.7,1,10,99.992,44.623,0.0016792,-0.97079,0.97079
8.39,9.6584,12.7,2,9,98.821,47.04,0.0031696,-1.2684,1.2684
12.104,17.297,12.7,1,17,99.994,38.075,0.001648,-5.1931,5.1931
9.6391,12.885,12.7,2,11,94.653,48.326,0.020362,-3.246,3.246
14.843,12.885,12.7,1,12,49.401,4.6962,0.0015072,1.9583,1.9583
11.185,8.3865,12.7,2,7,99.105,27.005,0.0060904,2.7985,2.7985
22.384,17.297,12.7,1,20,99.99,21.958,0.0016672,5.0873,5.0873
12.208,14.742,12.7,2,15,98.469,25.146,0.01277,-2.5344,2.5344
75.37,77.971,572.49,3,5,55.68,18.38,95.73,-2.6013,2.6013
109.02,107.49,894.56,4,5,100.5,62.887,0.0038104,1.5292,1.5292
16.045,14.742,12.7,1,14,99.99,35.055,0.0016352,1.3031,1.3031
72.23,75.299,572.49,3,2,49.574,15.571,96.305,-3.0689,3.0689
20.98,17.297,12.7,1,16,38.308,5.7659,0.001772,3.6833,3.6833
6.435,6.4713,12.7,2,5,80.762,24.453,0.0088912,-0.036272,0.036272
9.605,8.3865,12.7,1,7,99.99,31.698,0.0017768,1.2185,1.2185
10.15,11.448,12.7,2,10,99.508,33.094,0.0021768,-1.2983,1.2983
9.91,9.6584,12.7,1,8,99.994,28.452,0.0017856,0.25165,0.25165
82.595,80.937,572.49,3,7,97.966,70.74,97.046,1.6583,1.6583
24.645,17.297,12.7,1,19,50.34,5.7954,0.0018544,7.3483,7.3483
6.26,6.4713,12.7,2,4,98.644,69.8,0.012962,-0.21127,0.21127
108.09,106.87,894.56,4,5,48.719,5.8397,0.0017528,1.2217,1.2217
16.527,12.885,12.7,1,12,87.596,12.467,0.0016808,3.6416,3.6416
8.79,8.3865,12.7,2,7,90.315,14.289,0.0038264,0.40351,0.40351
20.172,17.297,12.7,1,20,99.992,35.02,0.0017072,2.8753,2.8753
16.63,14.742,12.7,2,14,54.456,70.138,0.011394,1.8881,1.8881
74.37,75.299,572.49,3,4,97.593,72.758,95.627,-0.92893,0.92893
100.95,104.91,894.56,4,5,99.835,70.509,0.0043256,-3.9608,3.9608
11.505,8.3865,12.7,1,7,31.718,5.8291,0.0018272,3.1185,3.1185
6.72,6.4713,12.7,2,4,65.573,16.868,0.002356,0.24873,0.24873
76.54,80.937,572.49,3,6,31.853,6.6512,95.426,-4.3967,4.3967
12.133,12.885,12.7,1,12,100.21,61.91,0.0016968,-0.75173,0.75173
5.91,6.4713,12.7,2,4,98.896,65.997,0.0050416,-0.56127,0.56127
109.59,107.49,894.56,4,5,100.33,68.533,0.0018168,2.0992,2.0992
19.827,14.742,12.7,1,13,99.99,48.016,0.00168,5.0848,5.0848
11.21,11.448,12.7,2,10,48.388,17.494,0.0066632,-0.23829,0.23829
75.61,77.971,572.49,3,5,87.267,17.178,97.097,-2.3613,2.3613
101.46,104.91,894.56,4,5,99.965,51.287,0.004156,-3.4508,3.4508
16.42,17.297,12.7,1,16,50.294,5.8247,0.0017928,-0.87667,0.87667
8.375,8.3865,12.7,2,7,98.634,66.704,0.0080392,-0.011494,0.011494
76.29,77.971,572.49,3,5,51.012,7.3851,96.152,-1.6813,1.6813
14.455,17.297,12.7,1,17,99.99,34.954,0.0017424,-2.8417,2.8417
81.55,77.971,572.49,3,5,98.557,44.879,96.05,3.5787,3.5787
17.61,14.742,12.7,1,15,50.849,5.8508,0.0018104,2.8681,2.8681
7.41,6.4713,12.7,2,4,98.644,24.585,0.0089376,0.93873,0.93873
83.58,82.654,572.49,3,8,49.134,6.7092,97.445,0.92579,0.92579
107.89,106.87,894.56,4,4,50.391,5.966,0.0063224,1.0217,1.0217
16.818,17.297,12.7,1,20,100.21,53.482,0.0017072,-0.47867,0.47867
7.695,9.6584,12.7,2,8,98.713,70.665,0.013458,-1.9634,1.9634
77.485,80.937,572.49,3,7,75.931,13.997,96.115,-3.4517,3.4517
14.077,12.885,12.7,1,12,99.992,51.322,0.0017536,1.1916,1.1916
11.08,12.885,12.7,2,11,54.444,40.674,0.0047736,-1.8051,1.8051
78.27,75.299,572.49,3,4,98.116,56.788,95.316,2.9711,2.9711
6.82,7.8516,12.7,1,4,32.667,5.922,0.0018528,-1.0316,1.0316
85.215,88.842,572.49,3,9,30.697,5.9794,95.806,-3.6267,3.6267
104.79,106.87,894.56,4,4,50.988,5.9799,0.0061336,-2.0783,2.0783
12.54,17.297,12.7,1,16,99.99,48.128,0.0017056,-4.7567,4.7567
75.19,75.299,572.49,3,2,98.73,35.252,95.618,-0.10893,0.10893
16.028,17.297,12.7,1,17,99.987,22.24,0.001752,-1.2692,1.2692
16.535,14.742,12.7,2,15,36.822,14.985,0.0084992,1.7931,1.7931
75.425,80.937,572.49,3,7,67.322,15.447,96.847,-5.5117,5.5117
6.73,7.8516,12.7,1,5,49.083,5.954,0.0018416,-1.1216,1.1216
7.54,6.4713,12.7,2,5,99.863,65.073,0.002128,1.0687,1.0687
82.935,88.808,572.49,3,10,51.605,6.7547,93.155,-5.8729,5.8729
8.2,8.3865,12.7,1,6,100.17,59.525,0.0016576,-0.18649,0.18649
6.78,6.4713,12.7,2,5,99.585,68.808,0.0023192,0.30873,0.30873
85.06,80.937,572.49,3,6,98.507,39.164,94.194,4.1233,4.1233
11.025,11.448,12.7,1,10,99.992,54.644,0.0017088,-0.42329,0.42329
6.26,6.4713,12.7,2,3,52.404,60.561,0.0025424,-0.21127,0.21127
84.06,80.937,572.49,3,7,97.978,61.944,95.831,3.1233,3.1233
9.77,8.3865,12.7,1,7,51.071,5.9509,0.0019456,1.3835,1.3835
6.9,8.3865,12.7,2,7,99.386,30.025,0.0025568,-1.4865,1.4865
87.91,82.654,572.49,3,8,49.038,6.7254,94.786,5.2558,5.2558
108.18,106.87,894.56,4,5,50.958,6.0103,0.0061392,1.3117,1.3117
8.26,9.6584,12.7,1,9,37.696,9.4884,0.0016744,-1.3984,1.3984
9.67,12.885,12.7,2,11,40.184,10.678,0.002452,-3.2151,3.2151
79.965,80.937,572.49,3,7,64.225,14.92,95.394,-0.97175,0.97175
12.12,14.742,12.7,1,15,99.99,64.514,0.0017312,-2.6219,2.6219
17.3,12.885,12.7,2,11,53.907,60.971,0.0080992,4.4149,4.4149
82.4,80.937,572.49,3,7,97.866,69.915,95.324,1.4633,1.4633
101,104.91,894.56,4,4,99.96,51.692,0.0059056,-3.9108,3.9108
18.31,17.297,12.7,1,19,51.369,6.1254,0.0018992,1.0133,1.0133
6.38,6.4713,12.7,2,4,98.655,47.534,0.012477,-0.091272,0.091272
84.725,82.654,572.49,3,9,49.081,6.979,96.477,2.0708,2.0708
105.53,106.87,894.56,4,5,50.008,6.2162,0.0061744,-1.3383,1.3383
12.045,17.297,12.7,1,19,99.99,16.029,0.00174,-5.2517,5.2517
6.94,6.4713,12.7,2,4,99.072,18.349,0.013378,0.46873,0.46873
77.72,75.299,572.49,3,3,98.388,68.473,95.063,2.4211,2.4211
10.72,7.8516,12.7,1,5,50.769,6.0253,0.0017792,2.8684,2.8684
15.213,14.742,12.7,2,13,100.11,65.158,0.0022056,0.47148,0.47148
76.26,86.274,572.49,3,9,52.11,8.3675,96.732,-10.014,10.014
106.06,108.05,894.56,4,4,26.23,6.1984,0.00596,-1.9921,1.9921
8.57,8.3865,12.7,2,7,87.441,16.019,0.0016968,0.18351,0.18351
82.745,86.368,572.49,3,10,98.569,60.063,95.631,-3.6229,3.6229
107.77,107.49,894.56,4,5,100.06,54.907,0.0064672,0.27919,0.27919
7.395,9.6584,12.7,1,8,99.994,48.378,0.0017104,-2.2634,2.2634
12.69,9.6584,12.7,2,9,53.007,54.636,0.002276,3.0316,3.0316
74.61,75.299,572.49,3,4,97.918,66,95.792,-0.68893,0.68893
13.47,14.742,12.7,1,14,99.988,38.577,0.001784,-1.2719,1.2719
82.935,84.469,572.49,3,7,98.388,52.299,97.468,-1.5335,1.5335
11.25,14.742,12.7,1,15,99.996,61.273,0.0017832,-3.4919,3.4919
7.825,9.6584,12.7,2,8,56.096,59.265,0.010337,-1.8334,1.8334
11.465,7.8516,12.7,1,5,49.23,6.0673,0.001864,3.6134,3.6134
