103.58,105.36,894.56,4,4,99.987,35.33,0.002116,-1.7807,1.7807
21.662,17.384,12.7,1,20,73.005,34.797,96.772,4.2784,4.2784
6.12,7.5777,12.7,2,3,98.78,38.38,0.016746,-1.4577,1.4577
87.635,87.256,572.49,3,9,27.056,6.9395,0.0025088,0.37879,0.37879
105.68,105.36,894.56,4,4,72.814,10.151,0.0064032,0.31929,0.31929
12.303,14.314,12.7,1,11,98.103,41.87,96.421,-2.0105,2.0105
14.833,17.384,12.7,2,15,28.994,6.8088,0.0041592,-2.5511,2.5511
86.455,80.39,572.49,3,5,98.665,31.853,0.0030432,6.0652,6.0652
106.08,105.36,894.56,4,4,99.971,49.151,0.006348,0.71929,0.71929
8.68,7.5777,12.7,1,5,97.974,71.096,96.428,1.1023,1.1023
7.92,7.5777,12.7,2,4,51.419,17.15,0.0025736,0.34227,0.34227
73.15,75.271,572.49,3,1,50.74,16.649,0.0027488,-2.1208,2.1208
110.18,114.26,894.56,4,5,99.985,66.625,0.0040936,-4.0774,4.0774
8.79,7.5777,12.7,1,2,73.516,37.586,95.739,1.2123,1.2123
13.243,14.314,12.7,2,12,99.979,42.517,0.0027256,-1.0705,1.0705
75.22,75.271,572.49,3,2,27.126,8.3002,0.0027936,-0.050814,0.050814
107.81,105.36,894.56,4,4,27.574,8.1532,0.0040344,2.4493,2.4493
6.12,7.5777,12.7,1,2,98.44,63.843,97.774,-1.4577,1.4577
8.995,7.5777,12.7,2,6,27.186,65.25,0.0025648,1.4173,1.4173
105.85,105.36,894.56,4,1,100.43,51.61,0.0021056,0.48929,0.48929
17.427,14.314,12.7,1,14,98.42,71.027,98.101,3.1137,3.1137
17.04,7.5777,12.7,1,1,98.613,56.732,49.004,9.4623,9.4623
13.25,17.384,12.7,2,15,29.475,57.869,0.0027744,-4.1336,4.1336
81.4,75.271,572.49,3,3,98.59,21.297,0.002912,6.1292,6.1292
114.43,114.26,894.56,4,5,100.24,23.656,0.0044376,0.16763,0.16763
10.17,10.723,12.7,1,9,98.253,54.118,48.736,-0.55342,0.55342
6.53,7.5777,12.7,2,4,39.613,13.685,0.0031968,-1.0477,1.0477
73.42,75.271,572.49,3,3,38.217,12.604,0.002412,-1.8508,1.8508
104.3,114.26,894.56,4,5,99.987,33.334,0.0038368,-9.9574,9.9574
17.09,14.314,12.7,1,14,72.899,52.081,49.19,2.7762,2.7762
7.025,7.5777,12.7,2,5,99.877,65.592,0.0065272,-0.55273,0.55273
89.005,87.256,572.49,3,10,29.309,6.8332,0.0025224,1.7488,1.7488
106.82,105.36,894.56,4,2,72.679,9.4278,0.0064968,1.4593,1.4593
11.48,7.5777,12.7,1,7,90.723,15.26,49.474,3.9023,3.9023
11.165,7.5777,12.7,2,7,25.285,16.529,0.0029496,3.5873,3.5873
87.46,80.39,572.49,3,5,99.979,45.798,0.0023936,7.0702,7.0702
106.85,105.36,894.56,4,2,100.15,67.841,0.0064128,1.4893,1.4893
10.805,7.5777,12.7,1,7,98.584,67.093,48.822,3.2273,3.2273
12.003,14.314,12.7,2,11,88.339,13.331,0.0028096,-2.3105,2.3105
81.15,80.39,572.49,3,6,90.677,14.209,0.002924,0.76015,0.76015
101.74,105.36,894.56,4,2,99.985,25.756,0.0057752,-3.6207,3.6207
6.75,7.5777,12.7,1,2,71.443,47.031,49.522,-0.82773,0.82773
12.947,14.314,12.7,2,11,100.04,57.95,0.0025696,-1.3672,1.3672
77.21,75.271,572.49,3,4,29.471,7.5963,0.0029656,1.9392,1.9392
116.73,114.26,894.56,4,5,27.884,7.4126,0.0045352,2.4726,2.4726
16.677,14.314,12.7,1,14,98.719,37.926,49.796,2.3637,2.3637
16.403,14.314,12.7,2,12,29.298,7.3472,0.0080264,2.0895,2.0895
77.22,75.271,572.49,3,4,90.912,27.042,0.0032824,1.9492,1.9492
107.5,105.36,894.56,4,3,99.992,46.381,0.0044864,2.1393,2.1393
29.392,17.384,12.7,1,20,89.015,24.912,48.646,12.008,12.008
6.49,7.5777,12.7,2,2,99.932,47.424,0.015814,-1.0877,1.0877
75.175,87.256,572.49,3,10,99.579,45.144,0.0023936,-12.081,12.081
101.71,105.36,894.56,4,2,99.994,67.863,0.0058248,-3.6507,3.6507
19.314,17.384,12.7,1,19,47.865,12.028,49.684,1.9304,1.9304
5.53,7.5777,12.7,2,3,67.211,15.071,0.01391,-2.0477,2.0477
76.77,80.39,572.49,3,5,19.015,6.2468,0.0024784,-3.6198,3.6198
107.84,105.36,894.56,4,1,73.236,7.456,0.0045184,2.4793,2.4793
19.07,17.384,12.7,1,17,98.278,49.493,48.72,1.6864,1.6864
10.403,14.314,12.7,2,12,29.195,8.4404,0.01647,-3.9105,3.9105
82.96,80.39,572.49,3,6,99.952,27.208,0.00324,2.5702,2.5702
106.31,105.36,894.56,4,1,99.985,51.613,0.0043464,0.94929,0.94929
17.26,14.314,12.7,1,14,98.218,57.447,49.02,2.9462,2.9462
7.27,7.5777,12.7,2,3,99.763,40.373,0.010438,-0.30773,0.30773
72.31,75.271,572.49,3,4,99.694,38.663,0.002532,-2.9608,2.9608
101.72,105.36,894.56,4,3,63.237,10.811,0.003976,-3.6407,3.6407
11.823,14.314,12.7,1,11,72.294,44.534,49.079,-2.4905,2.4905
11.945,10.723,12.7,2,9,99.981,55.99,0.0058952,1.2216,1.2216
79.13,75.271,572.49,3,4,29.897,6.972,0.002472,3.8592,3.8592
100.85,105.36,894.56,4,2,28.474,7.531,0.0042976,-4.5107,4.5107
14.613,14.314,12.7,1,11,98.563,47.733,49.331,0.2995,0.2995
10.495,10.723,12.7,2,9,27.828,7.3774,0.0074832,-0.22842,0.22842
94.643,87.256,572.49,3,9,99.515,65.283,0.00248,7.3871,7.3871
110.75,114.26,894.56,4,5,89.244,18.183,0.0082696,-3.5074,3.5074
7.235,7.5777,12.7,1,5,98.676,57.469,49.263,-0.34273,0.34273
6.37,7.5777,12.7,2,2,100.4,48.612,0.0028248,-1.2077,1.2077
74.06,75.271,572.49,3,4,99.906,48.479,0.0024192,-1.2108,1.2108
110.89,114.26,894.56,4,5,99.992,20.59,0.0040552,-3.3674,3.3674
6.83,7.5777,12.7,1,5,47.41,12.142,49.52,-0.74773,0.74773
5.94,7.5777,12.7,2,3,64.075,13.378,0.0026872,-1.6377,1.6377
89.723,87.256,572.49,3,10,18.528,6.2402,0.0037872,2.4671,2.4671
107.79,105.36,894.56,4,3,26.57,11.556,0.0085816,2.4293,2.4293
15.615,17.384,12.7,1,15,98.365,34.765,48.476,-1.7686,1.7686
7.46,7.5777,12.7,2,5,29.336,7.9773,0.011149,-0.11773,0.11773
74.09,75.271,572.49,3,4,99.729,66.944,0.002436,-1.1808,1.1808
114.68,114.26,894.56,4,5,100.46,52.931,0.0043696,0.41763,0.41763
7.69,7.5777,12.7,1,6,98.164,70.413,48.329,0.11227,0.11227
8.74,10.723,12.7,2,8,100.38,65.087,0.0030248,-1.9834,1.9834
75.1,75.271,572.49,3,3,99.438,65.325,0.0024288,-0.17081,0.17081
101.17,105.36,894.56,4,1,99.983,30.304,0.0041488,-4.1907,4.1907
7.73,7.5777,12.7,1,3,73.371,18.646,49.524,0.15227,0.15227
5.49,7.5777,12.7,2,1,99.979,19.271,0.0027256,-2.0877,2.0877
91.837,87.256,572.49,3,9,27.14,6.3173,0.0050048,4.5805,4.5805
117.46,114.26,894.56,4,5,29.983,11.57,0.0083288,3.2026,3.2026
8.7,7.5777,12.7,1,2,98.632,28.403,48.84,1.1223,1.1223
6.15,7.5777,12.7,2,4,28.051,29.04,0.002656,-1.4277,1.4277
73.24,75.271,572.49,3,2,63.523,19.278,0.0038384,-2.0308,2.0308
107.71,105.36,894.56,4,3,99.986,27.09,0.0041664,2.3493,2.3493
8.11,7.5777,12.7,1,4,98.136,41.309,48.858,0.53227,0.53227
5.92,7.5777,12.7,2,4,100.33,35.19,0.0027248,-1.6577,1.6577
78.72,80.39,572.49,3,6,99.994,35.58,0.0025128,-1.6698,1.6698
101.98,105.36,894.56,4,2,99.971,38.791,0.0065584,-3.3807,3.3807
14.803,14.314,12.7,1,11,72.734,41.216,49.521,0.4895,0.4895
6.9,7.5777,12.7,2,5,100.02,42.423,0.0060224,-0.67773,0.67773
83.195,80.39,572.49,3,7,27.527,6.3267,0.0025856,2.8052,2.8052
106.68,105.36,894.56,4,1,28.65,9.4727,0.0062216,1.3193,1.3193
9.31,7.5777,12.7,1,2,98.378,57.522,49.189,1.7323,1.7323
5.98,7.5777,12.7,2,2,27.965,58.15,0.0026816,-1.5977,1.5977
79.19,80.39,572.49,3,6,63.307,9.6365,0.0038992,-1.1998,1.1998
108.21,105.36,894.56,4,3,99.992,27.12,0.0042136,2.8493,2.8493
9.17,10.723,12.7,1,9,98.22,34.764,49.015,-1.5534,1.5534
6.44,7.5777,12.7,2,3,100.04,32.811,0.003472,-1.1377,1.1377
73.3,75.271,572.49,3,2,99.965,32.33,0.0025296,-1.9708,1.9708
101.1,105.36,894.56,4,2,99.977,33.575,0.003924,-4.2607,4.2607
11.89,17.384,12.7,1,17,72.881,25.095,49.711,-5.4936,5.4936
14.037,14.314,12.7,2,11,99.034,28.129,0.013592,-0.27717,0.27717
74.8,75.271,572.49,3,2,29.787,7.8369,0.0035704,-0.47081,0.47081
106.65,105.36,894.56,4,2,72.333,7.6075,0.0042464,1.2893,1.2893
17.797,14.314,12.7,1,14,98.38,47.854,49.447,3.4837,3.4837
12.657,10.723,12.7,2,10,30.316,7.9997,0.010239,1.9332,1.9332
85.75,87.256,572.49,3,8,99.569,49.94,0.002768,-1.5062,1.5062
107.94,105.36,894.56,4,3,99.723,64.685,0.0063296,2.5793,2.5793
12.47,14.314,12.7,1,12,98.586,41.356,49.298,-1.8438,1.8438
10.43,10.723,12.7,2,8,99.965,39.248,0.0037056,-0.29342,0.29342
72.76,75.271,572.49,3,3,99.656,39.455,0.0028192,-2.5108,2.5108
101.73,105.36,894.56,4,2,99.954,23.888,0.0040472,-3.6307,3.6307
11.727,14.314,12.7,1,12,98.047,57.389,49.001,-2.5872,2.5872
6.61,7.5777,12.7,2,3,29.18,6.8989,0.005636,-0.96773,0.96773
77.28,75.271,572.49,3,4,99.706,25.888,0.002496,2.0092,2.0092
106.53,105.36,894.56,4,1,100.15,49.754,0.0041912,1.1693,1.1693
13.583,14.314,12.7,1,12,0.1668,4.7009,0.0018144,-0.7305,0.7305
7.85,7.5777,12.7,2,6,99.923,36.596,0.0063216,0.27227,0.27227
82.41,80.39,572.49,3,7,97.853,35.553,95.403,2.0202,2.0202
101.76,105.36,894.56,4,3,99.965,22.648,0.0063792,-3.6007,3.6007
18.84,17.384,12.7,1,18,53.136,21.76,0.0019728,1.4564,1.4564
10.2,10.723,12.7,2,9,79.655,24.832,0.011036,-0.52342,0.52342
107.22,105.36,894.56,4,1,63.136,5.583,0.0019088,1.8593,1.8593
24.558,17.384,12.7,1,20,99.994,44.562,0.0017992,7.1744,7.1744
6.18,7.5777,12.7,2,3,30.608,8.6581,0.013304,-1.3977,1.3977
108.29,105.36,894.56,4,3,100.12,31.556,0.0018528,2.9293,2.9293
20.095,17.384,12.7,1,15,99.992,15.494,0.0018128,2.7114,2.7114
9.415,10.723,12.7,2,9,99.819,70.964,0.0098144,-1.3084,1.3084
83.783,87.256,572.49,3,10,97.172,71.9,97.439,-3.4729,3.4729
101.93,105.36,894.56,4,4,99.919,69.86,0.0078936,-3.4307,3.4307
9.93,10.723,12.7,1,9,70.098,56.631,0.001948,-0.79342,0.79342
13.44,14.314,12.7,2,12,99.879,52.249,0.0041312,-0.87383,0.87383
78.74,80.39,572.49,3,5,31.229,7.8436,96.111,-1.6498,1.6498
115.55,114.26,894.56,4,5,19.679,9.5949,0.0054408,1.2876,1.2876
14.775,14.314,12.7,1,14,100.04,31.671,0.0015944,0.46117,0.46117
11.467,14.314,12.7,2,12,30.084,8.0941,0.0083176,-2.8472,2.8472
77.29,80.39,572.49,3,5,97.426,30.601,97.004,-3.0998,3.0998
116.76,114.26,894.56,4,5,99.979,49.772,0.0043208,2.4976,2.4976
7.07,7.5777,12.7,1,2,99.963,25.152,0.0018256,-0.50773,0.50773
8.8633,10.723,12.7,2,9,88.12,22.514,0.002512,-1.8601,1.8601
72.9,75.271,572.49,3,3,92.478,24.155,96.167,-2.3708,2.3708
100.94,105.36,894.56,4,2,38.214,10.921,0.0040576,-4.4207,4.4207
9.3,10.723,12.7,1,9,71.961,23.396,0.0018856,-1.4234,1.4234
5.87,7.5777,12.7,2,2,99.913,36.763,0.0039464,-1.7077,1.7077
75.6,75.271,572.49,3,3,29.776,6.417,97.021,0.32919,0.32919
116.43,114.26,894.56,4,5,29.047,7.6652,0.0040112,2.1726,2.1726
7.935,7.5777,12.7,1,7,87.579,12.29,0.0018048,0.35727,0.35727
10.383,10.723,12.7,2,10,26.714,13.517,0.0028344,-0.34009,0.34009
107.97,105.36,894.56,4,4,100.3,47.879,0.0017664,2.6093,2.6093
28.725,14.314,12.7,1,13,99.994,64.074,0.00194,14.411,14.411
13.387,14.314,12.7,2,12,40.212,11.385,0.0077864,-0.92717,0.92717
72.82,75.271,572.49,3,2,43.259,11.173,96.39,-2.4508,2.4508
101.65,105.36,894.56,4,1,99.885,46.524,0.0041472,-3.7107,3.7107
20,17.384,12.7,1,17,72.458,25.243,0.0021296,2.6164,2.6164
8.67,7.5777,12.7,2,7,99.409,28.273,0.011653,1.0923,1.0923
74.7,75.271,572.49,3,2,30.5,7.1813,97.589,-0.57081,0.57081
106.31,105.36,894.56,4,3,72.209,7.7116,0.0042176,0.94929,0.94929
21.86,17.384,12.7,1,20,99.965,51.148,0.001808,4.4764,4.4764
5.71,7.5777,12.7,2,1,29.748,8.7197,0.016347,-1.8677,1.8677
77.835,87.256,572.49,3,9,97.97,56.507,97.071,-9.4212,9.4212
109.77,105.36,894.56,4,3,99.983,52.006,0.00592,4.4093,4.4093
18.084,17.384,12.7,1,17,50.263,15.489,0.0017504,0.70039,0.70039
8.1933,10.723,12.7,2,10,99.271,41.252,0.014643,-2.5301,2.5301
73.22,75.271,572.49,3,2,97.135,40.403,96.678,-2.0508,2.0508
109.65,114.26,894.56,4,5,99.992,62.915,0.004044,-4.6124,4.6124
12.887,14.314,12.7,1,12,70.642,46.2,0.0019128,-1.4272,1.4272
7.77,7.5777,12.7,2,6,99.852,46.554,0.0052056,0.19227,0.19227
75.4,75.271,572.49,3,4,31.103,7.263,96.764,0.12919,0.12919
107.95,105.36,894.56,4,4,28.884,7.7626,0.0042832,2.5893,2.5893
12.707,14.314,12.7,1,12,99.99,35.053,0.0018488,-1.6072,1.6072
8.04,7.5777,12.7,2,6,28.929,6.9921,0.0047296,0.46227,0.46227
107.51,105.36,894.56,4,4,87.396,15.594,0.001888,2.1493,2.1493
12.807,10.723,12.7,1,9,99.996,38.345,0.001848,2.0832,2.0832
10.74,10.723,12.7,2,9,99.89,22.866,0.0032288,0.01658,0.01658
75.72,87.256,572.49,3,8,97.545,23.656,96.009,-11.536,11.536
102.6,105.36,894.56,4,4,100.02,58.533,0.0059752,-2.7607,2.7607
15.53,14.314,12.7,1,12,72.507,70.836,0.0019208,1.2162,1.2162
7.365,7.5777,12.7,2,6,99.738,72.649,0.005452,-0.21273,0.21273
75.36,75.271,572.49,3,3,29.645,7.3754,97.399,0.089186,0.089186
106.54,105.36,894.56,4,1,29.142,7.943,0.0041408,1.1793,1.1793
13.886,17.384,12.7,1,20,99.994,25.419,0.0017808,-3.4976,3.4976
13.14,14.314,12.7,2,11,31.195,8.9329,0.015734,-1.1738,1.1738
75.55,80.39,572.49,3,5,89.482,50.322,95.054,-4.8398,4.8398
104.77,105.36,894.56,4,2,99.983,34.243,0.0035808,-0.59071,0.59071
11.495,7.5777,12.7,1,5,99.99,64.408,0.0018272,3.9173,3.9173
7.08,7.5777,12.7,2,4,100.41,58.183,0.0025008,-0.49773,0.49773
88.953,87.256,572.49,3,9,97.78,52.049,96.313,1.6971,1.6971
102.96,105.36,894.56,4,4,99.74,73.603,0.0085784,-2.4007,2.4007
20.086,17.384,12.7,1,18,71.248,54.138,0.001992,2.7024,2.7024
6.765,10.723,12.7,2,8,99.363,67.477,0.013955,-3.9584,3.9584
74.46,75.271,572.49,3,1,31.638,7.3677,95.144,-0.81081,0.81081
106.55,105.36,894.56,4,2,24.432,8.0105,0.0039288,1.1893,1.1893
15.728,17.384,12.7,1,19,99.992,48.171,0.0018984,-1.6556,1.6556
9.1167,10.723,12.7,2,9,29.87,9.0032,0.014343,-1.6068,1.6068
115.1,114.26,894.56,4,5,99.994,61.054,0.0018024,0.83763,0.83763
9.68,7.5777,12.7,1,4,99.994,44.969,0.001828,2.1023,2.1023
16.725,17.384,12.7,2,15,100.53,43.865,0.0024776,-0.65861,0.65861
74.42,75.271,572.49,3,4,96.912,44.605,97.829,-0.85081,0.85081
113.61,114.26,894.56,4,5,100.08,53.374,0.0042024,-0.64237,0.64237
12.622,17.384,12.7,1,20,71.127,45.858,0.001932,-4.7616,4.7616
12.893,14.314,12.7,2,13,98.599,47.974,0.016221,-1.4213,1.4213
90.33,87.256,572.49,3,8,72.721,8.8578,94.559,3.0738,3.0738
107.88,105.36,894.56,4,4,71.855,9.9627,0.0043184,2.5193,2.5193
18.622,17.384,12.7,1,15,99.992,35.184,0.0018664,1.2389,1.2389
13.927,14.314,12.7,2,11,29.271,8.3515,0.0080416,-0.38717,0.38717
94.125,87.256,572.49,3,10,96.948,30.903,94.663,6.8688,6.8688
105.04,105.36,894.56,4,1,100.05,68.378,0.0063184,-0.32071,0.32071
14.815,14.314,12.7,1,13,99.992,61.126,0.001836,0.50117,0.50117
12.42,10.723,12.7,2,9,99.823,40.323,0.0087344,1.6966,1.6966
75.055,80.39,572.49,3,6,97.566,39.889,94.666,-5.3348,5.3348
103.35,105.36,894.56,4,4,100.08,26.337,0.0063616,-2.0107,2.0107
9.17,17.384,12.7,1,16,100.05,67.222,0.001744,-8.2136,8.2136
5.61,7.5777,12.7,2,1,30.067,8.5182,0.01131,-1.9677,1.9677
109.14,105.36,894.56,4,3,62.731,9.3833,0.0018256,3.7793,3.7793
11.47,14.314,12.7,1,11,73.044,36.788,0.0019848,-2.8438,2.8438
8.465,10.723,12.7,2,8,99.915,59.192,0.0059744,-2.2584,2.2584
81.95,80.39,572.49,3,5,29.03,7.476,95.814,1.5602,1.5602
107.34,105.36,894.56,4,3,28.187,8.047,0.0041312,1.9793,1.9793
8.135,7.5777,12.7,1,5,50.24,15.771,0.0018472,0.55727,0.55727
7.905,10.723,12.7,2,8,14.34,17.006,0.0023552,-2.8184,2.8184
106.84,105.36,894.56,4,3,99.908,72.882,0.0046984,1.4793,1.4793
15.193,17.384,12.7,1,16,99.992,38.481,0.0018456,-2.1911,2.1911
8.455,10.723,12.7,2,8,89.387,15.082,0.011493,-2.2684,2.2684
77.94,75.271,572.49,3,4,89.799,14.136,96.295,2.6692,2.6692
101.63,105.36,894.56,4,1,99.979,30.746,0.0040696,-3.7307,3.7307
11.003,10.723,12.7,1,9,73.995,35.181,0.001976,0.27991,0.27991
10.783,10.723,12.7,2,10,99.938,35.872,0.0031784,0.059913,0.059913
85.455,87.256,572.49,3,10,28.519,8.3034,96.064,-1.8012,1.8012
102.64,105.36,894.56,4,3,34.583,10.003,0.0057992,-2.7207,2.7207
19.563,14.314,12.7,2,13,100.09,32.362,0.0022472,5.2487,5.2487
81.515,80.39,572.49,3,5,97.372,41.231,96.412,1.1252,1.1252
104.66,105.36,894.56,4,4,99.981,45.664,0.0043288,-0.70071,0.70071
14.535,14.314,12.7,1,14,70.931,22.22,0.0019632,0.22117,0.22117
7.01,7.5777,12.7,2,1,99.171,24.732,0.01051,-0.56773,0.56773
76.26,80.39,572.49,3,6,30.512,6.6835,98.105,-4.1298,4.1298
117.96,114.26,894.56,4,5,41.772,7.9635,0.0038008,3.7026,3.7026
10.347,10.723,12.7,1,9,75.2,15.767,0.0017576,-0.37675,0.37675
11.773,14.314,12.7,2,12,22.929,7.8255,0.003256,-2.5405,2.5405
106.56,105.36,894.56,4,4,100,25.472,0.0017784,1.1993,1.1993
21.788,17.384,12.7,1,19,99.992,51.389,0.0017992,4.4044,4.4044
13.44,14.314,12.7,2,12,79.332,15.711,0.013756,-0.87383,0.87383
72.14,75.271,572.49,3,1,78.249,14.79,94.323,-3.1308,3.1308
101.23,105.36,894.56,4,2,38.323,11.29,0.0042544,-4.1307,4.1307
15.238,14.314,12.7,1,13,72.196,53.043,0.0021616,0.92367,0.92367
6.15,7.5777,12.7,2,1,99.96,59.695,0.0055712,-1.4277,1.4277
76.06,80.39,572.49,3,5,29.308,6.8151,94.771,-4.3298,4.3298
108.77,105.36,894.56,4,4,28.566,8.0153,0.0043728,3.4093,3.4093
18.278,17.384,12.7,1,20,50.241,15.757,0.0019704,0.89439,0.89439
14.483,17.384,12.7,2,15,19.092,9.0163,0.012633,-2.9011,2.9011
80.37,87.256,572.49,3,10,29.556,12.198,96.917,-6.8862,6.8862
114.68,114.26,894.56,4,5,99.994,51.526,0.0035368,0.42263,0.42263
18.588,17.384,12.7,1,20,25.197,9.2942,0.0018328,1.2044,1.2044
79.945,80.39,572.49,3,5,97.96,58.008,96.021,-0.44485,0.44485
103.82,105.36,894.56,4,4,99.983,32.759,0.0060576,-1.5407,1.5407
20.012,17.384,12.7,1,19,71.98,40.033,0.001916,2.6284,2.6284
15.465,17.384,12.7,2,15,99.005,44.791,0.014262,-1.9186,1.9186
75.16,80.39,572.49,3,5,71.892,8.8949,96.021,-5.2298,5.2298
107.03,105.36,894.56,4,2,71.002,8.0906,0.0029776,1.6693,1.6693
7.29,7.5777,12.7,1,3,99.99,28.794,0.0018,-0.28773,0.28773
6.07,7.5777,12.7,2,4,29.778,29.398,0.0024368,-1.5077,1.5077
75.22,75.271,572.49,3,3,98.634,42.526,95.533,-0.050814,0.050814
102.67,105.36,894.56,4,1,75.793,17.916,0.0043688,-2.6907,2.6907
18.098,14.314,12.7,1,13,99.987,35.343,0.0018912,3.7837,3.7837
11.57,10.723,12.7,2,9,90.133,20.351,0.0089592,0.84658,0.84658
75.515,80.39,572.49,3,6,91.826,21.291,96.864,-4.8748,4.8748
101.8,105.36,894.56,4,3,99.981,42.566,0.0063224,-3.5607,3.5607
7.22,7.5777,12.7,1,3,70.879,51.318,0.0019944,-0.35773,0.35773
6.18,7.5777,12.7,2,4,99.992,58.546,0.0023672,-1.3977,1.3977
76.55,75.271,572.49,3,3,30.585,6.824,97.109,1.2792,1.2792
108.2,105.36,894.56,4,1,28.014,8.0602,0.0038752,2.8393,2.8393
20.773,17.384,12.7,1,16,99.99,57.916,0.001768,3.3889,3.3889
91.493,87.256,572.49,3,9,98.078,64.479,96.442,4.2371,4.2371
106.71,105.36,894.56,4,1,88.842,18.605,0.0082384,1.3493,1.3493
28.617,10.723,12.7,1,9,25.204,9.3496,0.001752,17.893,17.893
11.887,10.723,12.7,2,10,99.773,67.955,0.0035912,1.1632,1.1632
84.15,80.39,572.49,3,6,97.187,69.904,94.029,3.7602,3.7602
103.45,105.36,894.56,4,4,100.19,65.258,0.0060824,-1.9107,1.9107
10.945,7.5777,12.7,1,7,71.44,19.24,0.001912,3.3673,3.3673
13.433,14.314,12.7,2,12,99.892,20.512,0.0024232,-0.8805,0.8805
79.54,75.271,572.49,3,4,30.059,8.2751,96.367,4.2692,4.2692
102.68,105.36,894.56,4,1,28.099,8.1032,0.0041624,-2.6807,2.6807
15.87,17.384,12.7,1,18,37.614,9.4417,0.0018232,-1.5136,1.5136
16.527,14.314,12.7,2,14,14.206,9.1469,0.011449,2.2128,2.2128
86.297,87.256,572.49,3,9,93.092,37.532,97.235,-0.95954,0.95954
104.84,105.36,894.56,4,1,99.967,47.956,0.0059368,-0.52071,0.52071
8.55,7.5777,12.7,1,7,62.72,12.739,0.0018608,0.97227,0.97227
12.327,14.314,12.7,2,11,100.21,42.168,0.0028704,-1.9872,1.9872
102.04,105.36,894.56,4,3,99.992,45.081,0.0018496,-3.3207,3.3207
13.03,14.314,12.7,1,13,99.992,41.795,0.0018344,-1.2838,1.2838
16.31,14.314,12.7,2,13,28.895,8.0279,0.0081872,1.9962,1.9962
105.39,105.36,894.56,4,4,99.985,38.02,0.0077224,0.029293,0.029293
10.54,7.5777,12.7,1,2,37.716,12.675,0.0018064,2.9623,2.9623
12.34,14.314,12.7,2,11,100.04,51.571,0.0024376,-1.9738,1.9738
77.41,80.39,572.49,3,7,96.723,73.063,95.876,-2.9798,2.9798
100.55,105.36,894.56,4,1,99.99,66.583,0.0042152,-4.8107,4.8107
7.52,7.5777,12.7,1,4,71.989,22.479,0.001836,-0.057733,0.057733
8.48,7.5777,12.7,2,7,99.91,23.109,0.0023232,0.90227,0.90227
85.787,87.256,572.49,3,10,28.669,7.6626,95.391,-1.4695,1.4695
107.29,105.36,894.56,4,2,29.761,12.085,0.008064,1.9293,1.9293
14.53,17.384,12.7,1,15,99.992,19.243,0.0018944,-2.8536,2.8536
7.92,7.5777,12.7,1,3,99.992,15.924,0.0019176,0.34227,0.34227
5.98,7.5777,12.7,2,1,99.85,26.286,0.0023592,-1.5977,1.5977
84.955,87.256,572.49,3,9,98.099,26.404,95.041,-2.3012,2.3012
103.55,105.36,894.56,4,3,99.987,39.52,0.0062928,-1.8107,1.8107
15.825,14.314,12.7,1,13,72.121,29.825,0.00192,1.5112,1.5112
6.885,10.723,12.7,2,8,99.513,66.839,0.0088704,-3.8384,3.8384
87.325,80.39,572.49,3,7,30.356,7.6369,96.002,6.9352,6.9352
106.35,105.36,894.56,4,3,28.095,10.113,0.005796,0.98929,0.98929
16.413,14.314,12.7,1,13,99.992,29.01,0.0018072,2.0987,2.0987
9.4,7.5777,12.7,2,7,27.404,8.587,0.0075216,1.8223,1.8223
79.17,75.271,572.49,3,4,98.176,45.902,96.838,3.8992,3.8992
108.05,105.36,894.56,4,4,100.19,50.525,0.00428,2.6893,2.6893
12.66,17.384,12.7,1,15,99.99,41.879,0.001788,-4.7236,4.7236
8.495,10.723,12.7,2,8,66.297,11.969,0.011052,-2.2284,2.2284
72.9,75.271,572.49,3,2,67.599,11.025,97.656,-2.3708,2.3708
102.67,105.36,894.56,4,1,99.99,18.04,0.003996,-2.6907,2.6907
16.46,17.384,12.7,1,16,75.217,46.651,0.0020208,-0.92361,0.92361
6.4,7.5777,12.7,2,1,99.677,50.898,0.01004,-1.1777,1.1777
102.03,87.256,572.49,3,9,27.494,6.9965,96.014,14.77,14.77
117.57,114.26,894.56,4,5,29.456,12.145,0.008244,3.3076,3.3076
7.27,7.5777,12.7,1,1,99.933,63.943,0.0019968,-0.30773,0.30773
10.947,14.314,12.7,2,11,27.446,65.219,0.002324,-3.3672,3.3672
92.46,87.256,572.49,3,10,97.689,53.782,97.087,5.2038,5.2038
105.81,105.36,894.56,4,3,100.49,63.997,0.0081624,0.44929,0.44929
11.958,14.314,12.7,1,14,99.992,45.175,0.001916,-2.3563,2.3563
6.12,7.5777,12.7,2,1,99.057,30.921,0.0085976,-1.4577,1.4577
101.51,105.36,894.56,4,1,99.996,71.088,0.0017808,-3.8507,3.8507
7.91,7.5777,12.7,1,7,73.153,60.885,0.0021176,0.33227,0.33227
7.15,7.5777,12.7,2,6,99.877,56.066,0.0026336,-0.42773,0.42773
102.74,105.36,894.56,4,4,28.53,6.2252,0.001864,-2.6207,2.6207
8.28,7.5777,12.7,1,4,100.07,67.812,0.0019744,0.70227,0.70227
12.93,14.314,12.7,2,11,28.049,68.384,0.002352,-1.3838,1.3838
86.22,80.39,572.49,3,6,96.711,27.903,98.423,5.8302,5.8302
105.85,105.36,894.56,4,2,100.2,52.534,0.0063592,0.48929,0.48929
11.25,10.723,12.7,1,8,99.992,64.61,0.0019416,0.52658,0.52658
10.285,7.5777,12.7,2,6,100.29,47.358,0.0027976,2.7073,2.7073
81.32,80.39,572.49,3,5,97.63,53.218,98.107,0.93015,0.93015
109.1,114.26,894.56,4,5,99.952,34.2,0.0041704,-5.1574,5.1574
15.273,17.384,12.7,1,15,18.779,9.5028,0.002084,-2.1111,2.1111
9.1967,10.723,12.7,2,9,27.451,11.923,0.0076832,-1.5268,1.5268
15.48,7.5777,12.7,1,1,87.523,14.61,0.001784,7.9023,7.9023
10.95,7.5777,12.7,2,4,100.06,51.411,0.0026624,3.3723,3.3723
74.54,80.39,572.49,3,5,98.265,51.524,49.001,-5.8498,5.8498
102.52,105.36,894.56,4,3,99.983,30.025,0.0042032,-2.8407,2.8407
19.928,17.384,12.7,1,18,27.577,11.857,0.0020216,2.5444,2.5444
11.237,14.314,12.7,2,11,41.298,14.899,0.014946,-3.0772,3.0772
102.51,105.36,894.56,4,1,55.65,5.3976,0.0017272,-2.8507,2.8507
6.71,7.5777,12.7,1,1,99.992,44.386,0.0019592,-0.86773,0.86773
14.643,14.314,12.7,2,12,27.173,45.007,0.002392,0.3295,0.3295
74.35,75.271,572.49,3,4,97.353,31.975,48.463,-0.92081,0.92081
108.71,105.36,894.56,4,4,99.731,43.046,0.0038008,3.3493,3.3493
9.185,7.5777,12.7,1,5,99.992,21.682,0.0019088,1.6073,1.6073
10.903,10.723,12.7,2,10,100.18,55.288,0.002732,0.17991,0.17991
102.01,105.36,894.56,4,2,99.99,37.922,0.0018376,-3.3507,3.3507
19.68,17.384,12.7,1,15,73.525,41.122,0.0019968,2.2964,2.2964
8.52,7.5777,12.7,2,7,99.871,63.124,0.0065144,0.94227,0.94227
85.163,87.256,572.49,3,10,29.288,6.9092,49.523,-2.0929,2.0929
106.4,105.36,894.56,4,1,75.292,11.304,0.0080968,1.0393,1.0393
16.122,14.314,12.7,1,13,87.522,15.262,0.0017816,1.8087,1.8087
6.11,7.5777,12.7,2,3,25.098,7.2598,0.0054448,-1.4677,1.4677
84.9,87.256,572.49,3,8,98.457,64.465,48.838,-2.3562,2.3562
115.16,114.26,894.56,4,5,100.32,32.096,0.0057472,0.89763,0.89763
8.68,7.5777,12.7,1,3,99.99,31.449,0.001824,1.1023,1.1023
10.163,10.723,12.7,2,9,99.985,28.564,0.0023208,-0.56009,0.56009
75.04,75.271,572.49,3,4,97.63,33.679,48.709,-0.23081,0.23081
101.41,105.36,894.56,4,2,99.998,43.173,0.004052,-3.9507,3.9507
17.524,17.384,12.7,1,17,73.764,18.555,0.0021064,0.14039,0.14039
6.6,7.5777,12.7,2,3,99,21.666,0.011878,-0.97773,0.97773
77.27,75.271,572.49,3,3,29.233,6.2536,49.225,1.9992,1.9992
102.32,105.36,894.56,4,1,26.865,7.4432,0.0041872,-3.0407,3.0407
14.06,10.723,12.7,1,10,99.994,24.948,0.0019496,3.3366,3.3366
10.605,7.5777,12.7,2,6,26.787,6.6474,0.0036008,3.0273,3.0273
90.575,87.256,572.49,3,8,97.889,52.359,49.596,3.3188,3.3188
115.9,114.26,894.56,4,5,100.05,35.457,0.00576,1.6426,1.6426
22.722,17.384,12.7,1,20,99.992,44.421,0.0018296,5.3384,5.3384
5.64,7.5777,12.7,2,4,41.156,11.787,0.015482,-1.9377,1.9377
75.015,87.256,572.49,3,10,40.996,9.5123,49.804,-12.241,12.241
101.49,105.36,894.56,4,1,99.948,61.315,0.0061904,-3.8707,3.8707
16.942,17.384,12.7,1,18,36.59,15.216,0.0019624,-0.44161,0.44161
83.09,87.256,572.49,3,10,15.793,5.4851,48.681,-4.1662,4.1662
116.2,114.26,894.56,4,5,75.101,11.402,0.0083008,1.9426,1.9426
7.76,7.5777,12.7,1,7,99.888,59.911,0.001864,0.18227,0.18227
8.18,7.5777,12.7,2,7,27.962,61.895,0.0024088,0.60227,0.60227
83.47,87.256,572.49,3,8,98.585,58.942,48.472,-3.7862,3.7862
115.55,114.26,894.56,4,5,100.05,32.291,0.0060408,1.2926,1.2926
26.473,14.314,12.7,1,13,62.734,18.481,0.0018512,12.159,12.159
13.068,14.314,12.7,2,13,100.01,50.206,0.0075664,-1.2463,1.2463
76.64,80.39,572.49,3,7,97.058,50.677,47.99,-3.7498,3.7498
101.92,105.36,894.56,4,2,99.983,36.725,0.0043,-3.4407,3.4407
7.73,7.5777,12.7,1,3,72.664,49.659,0.0020168,0.15227,0.15227
5.98,7.5777,12.7,2,1,99.944,61.256,0.0025456,-1.5977,1.5977
80.845,80.39,572.49,3,7,28.722,6.3376,49.35,0.45515,0.45515
16.702,17.384,12.7,1,18,75.091,8.9482,0.0018152,-0.68161,0.68161
8.795,7.5777,12.7,2,7,24.325,8.5614,0.012015,1.2173,1.2173
88.503,87.256,572.49,3,9,98.074,32.988,48.884,1.2471,1.2471
114.32,114.26,894.56,4,5,89.222,18.122,0.008252,0.057632,0.057632
8.74,7.5777,12.7,1,6,99.994,21.873,0.001804,1.1623,1.1623
7.91,7.5777,12.7,2,4,51.374,16.553,0.0025312,0.33227,0.33227
74.81,75.271,572.49,3,4,52.177,16.059,49.025,-0.46081,0.46081
101.22,105.36,894.56,4,2,63.323,17.342,0.0042664,-4.1407,4.1407
7.465,7.5777,12.7,1,6,72.448,46.229,0.0021352,-0.11273,0.11273
7.83,7.5777,12.7,2,5,99.906,45.747,0.002424,0.25227,0.25227
76.7,75.271,572.49,3,2,27.633,6.3464,48.999,1.4292,1.4292
109.32,105.36,894.56,4,1,28.18,7.5991,0.0039272,3.9593,3.9593
5.53,7.5777,12.7,1,3,62.751,18.534,0.0019584,-2.0477,2.0477
107.42,105.36,894.56,4,1,99.992,25.072,0.001884,2.0593,2.0593
17.376,17.384,12.7,1,20,37.706,12.083,0.001864,-0.0076105,0.0076105
11.427,14.314,12.7,2,12,91.608,18.477,0.016817,-2.8872,2.8872
74.65,75.271,572.49,3,4,89.9,17.612,48.485,-0.62081,0.62081
102.7,105.36,894.56,4,2,99.906,56.305,0.0038328,-2.6607,2.6607
17.154,17.384,12.7,1,19,27.833,8.8862,0.0019304,-0.22961,0.22961
5.36,7.5777,12.7,2,3,42.376,11.911,0.015596,-2.2177,2.2177
74.71,80.39,572.49,3,6,13.146,6.3744,49.218,-5.6798,5.6798
106.75,105.36,894.56,4,3,40.54,7.6067,0.004012,1.3893,1.3893
16.76,14.314,12.7,1,13,62.69,8.9476,0.0018008,2.4462,2.4462
10.62,10.723,12.7,2,10,18.59,7.9797,0.0077456,-0.10342,0.10342
79.22,80.39,572.49,3,7,98.178,58.942,49.423,-1.1698,1.1698
109.62,105.36,894.56,4,4,88.998,29.046,0.006348,4.2593,4.2593
9.715,7.5777,12.7,1,7,99.992,28.326,0.0018752,2.1373,2.1373
15.903,14.314,12.7,2,13,64.079,13.362,0.0026024,1.5887,1.5887
75.01,80.39,572.49,3,6,70.132,15.044,49.54,-5.3798,5.3798
102.68,105.36,894.56,4,3,99.983,40.123,0.0042984,-2.6807,2.6807
5.91,7.5777,12.7,1,2,74.193,45.112,0.0019944,-1.6677,1.6677
5.82,7.5777,12.7,2,3,99.885,64.544,0.0024304,-1.7577,1.7577
93.743,87.256,572.49,3,9,27.561,6.3572,48.154,6.4871,6.4871
106.9,105.36,894.56,4,2,29.734,11.508,0.0083696,1.5393,1.5393
12.35,17.384,12.7,1,18,100.03,25.099,0.0018744,-5.0336,5.0336
11.155,10.723,12.7,2,10,30.03,8.5718,0.013209,0.43158,0.43158
73.57,75.271,572.49,3,3,98.184,39.584,49.146,-1.7008,1.7008
106.45,105.36,894.56,4,3,97.33,40.141,0.0042824,1.0893,1.0893
12.405,7.5777,12.7,1,7,99.994,60.805,0.001852,4.8273,4.8273
7.715,7.5777,12.7,2,5,100.02,29.578,0.0028344,0.13727,0.13727
81.965,87.256,572.49,3,10,98.542,29.814,49.429,-5.2912,5.2912
108.86,114.26,894.56,4,5,51.295,12.91,0.0063664,-5.4024,5.4024
12.243,14.314,12.7,1,11,73.253,47.108,0.0019704,-2.0705,2.0705
12.797,17.384,12.7,2,15,100.03,59.39,0.0032464,-4.5861,4.5861
88.745,87.256,572.49,3,10,32.548,8.5418,49.633,1.4888,1.4888
107.11,105.36,894.56,4,4,76.26,9.5548,0.0062456,1.7493,1.7493
13.493,14.314,12.7,1,14,100.27,67.3,0.0018928,-0.82133,0.82133
76.57,75.271,572.49,3,4,98.561,57.631,48.208,1.2992,1.2992
106.55,105.36,894.56,4,4,99.954,36.9,0.0044712,1.1893,1.1893
10.04,7.5777,12.7,1,3,62.667,8.9912,0.0019048,2.4623,2.4623
11.637,17.384,12.7,2,15,99.915,30.86,0.002376,-5.7461,5.7461
90.495,87.256,572.49,3,10,96.995,34.522,49.618,3.2388,3.2388
101.92,105.36,894.56,4,3,99.813,32.358,0.0066136,-3.4407,3.4407
13.247,14.314,12.7,1,12,56.836,18.64,0.0019832,-1.0672,1.0672
13.498,14.314,12.7,2,13,77.067,20.493,0.003996,-0.81633,0.81633
86.465,87.256,572.49,3,8,27.154,8.4992,48.494,-0.79121,0.79121
108.07,105.36,894.56,4,1,73.743,9.6298,0.0065128,2.7093,2.7093
8.735,10.723,12.7,1,8,99.992,31.57,0.0018152,-1.9884,1.9884
82.08,80.39,572.49,3,6,98.705,60.811,48.136,1.6902,1.6902
108.12,105.36,894.56,4,2,100.45,64.807,0.0065088,2.7593,2.7593
12.265,14.314,12.7,1,14,99.992,60.751,0.001796,-2.0488,2.0488
8.58,7.5777,12.7,2,7,99.334,34.003,0.0092128,1.0023,1.0023
101.02,105.36,894.56,4,1,99.994,21.993,0.0020616,-4.3407,4.3407
9.415,7.5777,12.7,1,7,73.676,53.041,0.0019992,1.8373,1.8373
7.655,7.5777,12.7,2,5,99.913,49.023,0.0022824,0.077267,0.077267
76.41,80.39,572.49,3,5,27.735,7.1968,47.974,-3.9798,3.9798
107.11,105.36,894.56,4,1,25.389,7.6356,0.0047832,1.7493,1.7493
9.18,7.5777,12.7,1,5,99.992,51.057,0.0018368,1.6023,1.6023
16.44,14.314,12.7,2,12,100.17,35.169,0.0027192,2.1262,2.1262
72.66,75.271,572.49,3,1,97.224,56.5,48.644,-2.6108,2.6108
102.19,105.36,894.56,4,2,99.99,36.904,0.0044528,-3.1707,3.1707
10.433,10.723,12.7,1,10,73.78,59.301,0.0019704,-0.29009,0.29009
14.93,14.314,12.7,2,11,99.892,69.134,0.003996,0.61617,0.61617
19.24,14.314,12.7,1,12,72.56,36.573,0.0013704,4.9262,4.9262
8.05,7.5777,12.7,2,7,99.157,39.981,0.0072808,0.47227,0.47227
76.41,75.271,572.49,3,1,28.949,6.4186,94.779,1.1392,1.1392
101.74,105.36,894.56,4,1,28.502,7.7197,0.0043592,-3.6207,3.6207
22.796,17.384,12.7,1,20,62.767,18.704,0.001884,5.4124,5.4124
15.75,17.384,12.7,2,15,22.18,8.701,0.014586,-1.6336,1.6336
83.725,80.39,572.49,3,5,98.014,27.873,96.305,3.3352,3.3352
110.85,114.26,894.56,4,5,64.5,16.373,0.004444,-3.4074,3.4074
14.568,14.314,12.7,1,14,99.987,67.434,0.0017888,0.25367,0.25367
5.45,7.5777,12.7,2,3,66.037,11.613,0.0083176,-2.1277,2.1277
103.54,105.36,894.56,4,2,99.992,25.387,0.0021032,-1.8207,1.8207
16.375,17.384,12.7,1,16,73.902,34.978,0.0019296,-1.0086,1.0086
8.13,7.5777,12.7,2,5,99.078,37.438,0.012374,0.55227,0.55227
75.36,75.271,572.49,3,2,28.036,6.5828,96.774,0.089186,0.089186
106.34,105.36,894.56,4,3,26.951,7.7958,0.0044808,0.97929,0.97929
10.39,7.5777,12.7,1,7,99.992,54.402,0.0018536,2.8123,2.8123
11.123,10.723,12.7,2,10,28.253,55.667,0.0028664,0.39991,0.39991
76.52,75.271,572.49,3,2,97.308,65.6,97.888,1.2492,1.2492
109.09,105.36,894.56,4,3,99.923,30.645,0.0041296,3.7293,3.7293
11.955,10.723,12.7,1,8,99.992,51.194,0.001936,1.2316,1.2316
7,7.5777,12.7,2,2,100.07,36.365,0.0029072,-0.57773,0.57773
85.535,80.39,572.49,3,7,97.887,35.859,97.013,5.1452,5.1452
100.84,105.36,894.56,4,2,99.967,26.089,0.006592,-4.5207,4.5207
21.904,17.384,12.7,1,19,73.675,44.747,0.0020776,4.5204,4.5204
6.9,7.5777,12.7,2,4,99.025,50.998,0.016402,-0.67773,0.67773
76.21,75.271,572.49,3,2,27.579,6.5386,97.108,0.93919,0.93919
119.93,114.26,894.56,4,5,26.517,7.809,0.004324,5.6676,5.6676
13.583,14.314,12.7,1,12,100.01,35.068,0.0018816,-0.7305,0.7305
7.915,7.5777,12.7,2,7,27.088,7.6623,0.0056056,0.33727,0.33727
107.14,105.36,894.56,4,2,87.607,22.074,0.00198,1.7793,1.7793
19.94,17.384,12.7,1,20,99.99,38.37,0.0018528,2.5564,2.5564
9.735,14.314,12.7,2,14,99.16,70.492,0.01494,-4.5788,4.5788
74.14,75.271,572.49,3,4,97.943,70.476,94.2,-1.1308,1.1308
107.91,114.26,894.56,4,5,75.936,11.207,0.0032448,-6.3474,6.3474
6.835,7.5777,12.7,1,7,47.019,9.2268,0.0019744,-0.74273,0.74273
6.92,7.5777,12.7,2,4,64.37,10.427,0.0035688,-0.65773,0.65773
107.16,105.36,894.56,4,2,26.649,9.8773,0.0066208,1.7993,1.7993
14.313,14.314,12.7,1,12,99.987,51.245,0.0018192,-0.00050144,0.00050144
6.57,7.5777,12.7,2,4,29.462,7.7106,0.006264,-1.0077,1.0077
76.05,75.271,572.49,3,3,98.412,58.515,96.406,0.77919,0.77919
116.41,114.26,894.56,4,5,100.01,27.469,0.0042392,2.1526,2.1526
19.535,14.314,12.7,1,13,99.987,35.131,0.0018704,5.2212,5.2212
10.873,10.723,12.7,2,10,100.04,63.416,0.0086768,0.14991,0.14991
77.88,80.39,572.49,3,5,96.979,63.048,96.052,-2.5098,2.5098
106.68,114.26,894.56,4,5,64.21,13.229,0.006332,-7.5774,7.5774
18.52,17.384,12.7,1,16,73.846,64.139,0.0019904,1.1364,1.1364
9.02,7.5777,12.7,2,7,99.436,70.074,0.011006,1.4423,1.4423
82.025,80.39,572.49,3,5,28.756,7.3828,96.066,1.6352,1.6352
107.53,105.36,894.56,4,1,37.645,9.9028,0.0062824,2.1693,2.1693
6.98,7.5777,12.7,1,2,99.99,54.549,0.001788,-0.59773,0.59773
5.87,7.5777,12.7,2,1,28.186,55.182,0.002728,-1.7077,1.7077
106.8,105.36,894.56,4,3,100.49,38.728,0.001872,1.4393,1.4393
18.86,17.384,12.7,1,17,99.99,38.369,0.0019408,1.4764,1.4764
5.62,7.5777,12.7,2,1,99.434,31.647,0.011844,-1.9577,1.9577
75.74,80.39,572.49,3,5,98.424,29.399,96.35,-4.6498,4.6498
102.49,105.36,894.56,4,1,99.985,30.606,0.0041632,-2.8707,2.8707
13.89,17.384,12.7,1,15,27.7,9.2489,0.0020152,-3.4936,3.4936
5.68,7.5777,12.7,2,4,40.648,11.096,0.010858,-1.8977,1.8977
86.255,87.256,572.49,3,8,13.491,6.7249,96.425,-1.0012,1.0012
108.03,105.36,894.56,4,4,26.896,9.972,0.006464,2.6693,2.6693
17.7,17.384,12.7,1,20,99.992,25.468,0.0019712,0.31639,0.31639
10.56,10.723,12.7,2,8,28.605,8.963,0.01555,-0.16342,0.16342
80.01,80.39,572.49,3,7,97.614,59.305,96.078,-0.37985,0.37985
106.43,105.36,894.56,4,3,99.99,26.33,0.0064504,1.0693,1.0693
15.447,14.314,12.7,1,12,99.985,22.232,0.0018984,1.1328,1.1328
10.72,14.314,12.7,2,11,89.68,23.503,0.0060144,-3.5938,3.5938
75.29,75.271,572.49,3,4,91.623,24.404,95.289,0.019186,0.019186
101.79,105.36,894.56,4,3,99.975,69.519,0.0041432,-3.5707,3.5707
8.7,7.5777,12.7,1,4,75.007,50.283,0.0019384,1.1223,1.1223
6.2,7.5777,12.7,2,2,100.05,60.482,0.0027616,-1.3777,1.3777
92.95,87.256,572.49,3,9,28.462,6.7551,98.106,5.6938,5.6938
102.09,105.36,894.56,4,4,26.818,12.011,0.0084416,-3.2707,3.2707
15.825,17.384,12.7,1,16,37.726,12.461,0.001804,-1.5586,1.5586
5.7,7.5777,12.7,2,2,12.963,8.3563,0.0096344,-1.8777,1.8777
107.68,105.36,894.56,4,3,100.24,57.892,0.0020368,2.3193,2.3193
14.724,17.384,12.7,1,17,99.99,54.675,0.0015432,-2.6596,2.6596
16.99,17.384,12.7,2,15,99.313,22.083,0.013144,-0.39361,0.39361
82.755,80.39,572.49,3,7,97.649,21.957,95.599,2.3652,2.3652
102.89,105.36,894.56,4,2,99.913,48.907,0.00482,-2.4707,2.4707
7.69,7.5777,12.7,1,5,73.981,57.609,0.0020632,0.11227,0.11227
7.365,7.5777,12.7,2,5,99.888,59.03,0.0028256,-0.21273,0.21273
88.463,87.256,572.49,3,10,27.768,7.449,95.92,1.2071,1.2071
108.26,105.36,894.56,4,1,21.696,11.943,0.0084952,2.8993,2.8993
8.38,7.5777,12.7,1,6,99.996,28.819,0.0019528,0.80227,0.80227
6.55,7.5777,12.7,2,5,26.26,30.059,0.0028312,-1.0277,1.0277
81.16,80.39,572.49,3,6,97.64,63.781,96.616,0.77015,0.77015
105.73,105.36,894.56,4,3,100.35,66.4,0.0038208,0.36929,0.36929
13.253,10.723,12.7,1,10,99.99,61.16,0.0018912,2.5299,2.5299
5.97,7.5777,12.7,2,3,40.133,13.137,0.0031888,-1.6077,1.6077
75.655,80.39,572.49,3,7,41.355,13.238,95.451,-4.7348,4.7348
102.21,105.36,894.56,4,1,99.958,74.81,0.0067512,-3.1507,3.1507
10.15,7.5777,12.7,1,7,73.96,45.557,0.0020632,2.5723,2.5723
9.375,7.5777,12.7,2,7,99.875,68.884,0.003128,1.7973,1.7973
86.82,87.256,572.49,3,8,28.342,7.5217,94.736,-0.43621,0.43621
118.57,114.26,894.56,4,5,27.99,10.068,0.0067056,4.3126,4.3126
11.013,10.723,12.7,1,9,99.992,35.271,0.001864,0.28991,0.28991
11.807,14.314,12.7,2,11,27.459,7.2102,0.0032776,-2.5072,2.5072
86.765,80.39,572.49,3,7,97.298,40.633,95.343,6.3752,6.3752
107.58,105.36,894.56,4,3,87.337,65.388,0.0061056,2.2193,2.2193
17.855,17.384,12.7,1,15,99.99,58.036,0.0017904,0.47139,0.47139
13.723,14.314,12.7,2,11,99.651,49.73,0.010605,-0.5905,0.5905
81.585,80.39,572.49,3,7,97.481,50.579,95.932,1.1952,1.1952
103.52,105.36,894.56,4,4,99.973,36.109,0.0065152,-1.8407,1.8407
28.68,17.384,12.7,1,19,74.009,55.569,0.002068,11.296,11.296
6.48,7.5777,12.7,2,4,99.225,54.644,0.016857,-1.0977,1.0977
90.693,87.256,572.49,3,9,27.773,6.9306,96.113,3.4371,3.4371
117.97,114.26,894.56,4,5,75.816,12.167,0.0083592,3.7076,3.7076
18.24,17.384,12.7,1,19,99.91,61.424,0.0018648,0.85639,0.85639
5.75,7.5777,12.7,2,4,29.59,9.2509,0.018082,-1.8277,1.8277
72.39,75.271,572.49,3,3,67.487,13.51,95.357,-2.8808,2.8808
108.57,105.36,894.56,4,3,98.016,30.987,0.0039656,3.2093,3.2093
10.8,7.5777,12.7,1,5,56.09,15.889,0.00194,3.2223,3.2223
13.375,14.314,12.7,2,13,76.774,17.231,0.00304,-0.93883,0.93883
88.607,87.256,572.49,3,9,26.622,9.0688,96.384,1.3505,1.3505
104.99,105.36,894.56,4,4,27.334,12.246,0.0083104,-0.37071,0.37071
8.37,7.5777,12.7,1,3,99.994,41.861,0.0018016,0.79227,0.79227
8.59,7.5777,12.7,2,7,25.329,42.496,0.00278,1.0123,1.0123
90.26,87.256,572.49,3,10,97.293,30.359,96.102,3.0038,3.0038
118.5,114.26,894.56,4,5,99.821,70.869,0.0064824,4.2426,4.2426
7.84,10.723,12.7,1,8,99.994,67.807,0.0018624,-2.8834,2.8834
14.985,10.723,12.7,2,9,100.19,50.37,0.0029472,4.2616,4.2616
74.68,75.271,572.49,3,4,97.337,66.089,96.079,-0.59081,0.59081
