103.58,110.81,894.56,4,4,99.987,35.33,0.002116,-7.2338,7.2338
24.14,28.398,12.7,1,20,73.005,34.797,96.772,-4.258,4.258
6.12,5.7828,12.7,2,3,98.78,38.38,0.016746,0.33725,0.33725
88.5,79.35,572.49,3,9,27.056,6.9395,0.0025088,9.1503,9.1503
105.68,111.71,894.56,4,4,72.814,10.151,0.0064032,-6.0263,6.0263
13.3,19.215,12.7,1,11,98.103,41.87,96.421,-5.9148,5.9148
18.13,18.798,12.7,2,15,28.994,6.8088,0.0041592,-0.6682,0.6682
86.87,74.488,572.49,3,5,98.665,31.853,0.0030432,12.382,12.382
106.08,110.33,894.56,4,4,99.971,49.151,0.006348,-4.25,4.25
9.65,12.25,12.7,1,5,97.974,71.096,96.428,-2.6004,2.6004
7.92,7.5346,12.7,2,4,51.419,17.15,0.0025736,0.38544,0.38544
73.15,71.078,572.49,3,1,50.74,16.649,0.0027488,2.0715,2.0715
110.33,110.71,894.56,4,5,99.985,66.625,0.0040936,-0.37833,0.37833
8.79,10.436,12.7,1,2,73.516,37.586,95.739,-1.6463,1.6463
14.69,14.549,12.7,2,12,99.979,42.517,0.0027256,0.14097,0.14097
75.22,72.37,572.49,3,2,27.126,8.3002,0.0027936,2.8496,2.8496
107.81,111.79,894.56,4,4,27.574,8.1532,0.0040344,-3.9841,3.9841
6.12,9.5851,12.7,1,2,98.44,63.843,97.774,-3.4651,3.4651
9.7,7.8404,12.7,2,6,27.186,65.25,0.0025648,1.8596,1.8596
105.85,107.27,894.56,4,1,100.43,51.61,0.0021056,-1.4228,1.4228
22.01,21.229,12.7,1,14,98.42,71.027,98.101,0.78102,0.78102
17.04,6.9716,12.7,1,1,98.613,56.732,49.004,10.068,10.068
17.13,17.01,12.7,2,15,29.475,57.869,0.0027744,0.11989,0.11989
81.4,72.877,572.49,3,3,98.59,21.297,0.002912,8.5227,8.5227
116.38,112.21,894.56,4,5,100.24,23.656,0.0044376,4.1672,4.1672
11.24,14.975,12.7,1,9,98.253,54.118,48.736,-3.7349,3.7349
6.53,7.6606,12.7,2,4,39.613,13.685,0.0031968,-1.1306,1.1306
73.42,73.206,572.49,3,3,38.217,12.604,0.002412,0.21445,0.21445
105.02,111.87,894.56,4,5,99.987,33.334,0.0038368,-6.854,6.854
18.59,20.025,12.7,1,14,72.899,52.081,49.19,-1.4349,1.4349
7.78,6.8096,12.7,2,5,99.877,65.592,0.0065272,0.97038,0.97038
89.44,80.343,572.49,3,10,29.309,6.8332,0.0025224,9.0972,9.0972
106.82,109.75,894.56,4,2,72.679,9.4278,0.0064968,-2.9312,2.9312
11.95,14.386,12.7,1,7,90.723,15.26,49.474,-2.4364,2.4364
12.46,10.537,12.7,2,7,25.285,16.529,0.0029496,1.9226,1.9226
87.78,73.999,572.49,3,5,99.979,45.798,0.0023936,13.781,13.781
106.85,107.7,894.56,4,2,100.15,67.841,0.0064128,-0.84504,0.84504
11.32,12.543,12.7,1,7,98.584,67.093,48.822,-1.2233,1.2233
15.07,14.585,12.7,2,11,88.339,13.331,0.0028096,0.48465,0.48465
82.19,76.099,572.49,3,6,90.677,14.209,0.002924,6.0907,6.0907
101.74,109.17,894.56,4,2,99.985,25.756,0.0057752,-7.4287,7.4287
6.75,8.3322,12.7,1,2,71.443,47.031,49.522,-1.5822,1.5822
14.34,13.018,12.7,2,11,100.04,57.95,0.0025696,1.3216,1.3216
77.21,74.375,572.49,3,4,29.471,7.5963,0.0029656,2.8354,2.8354
116.95,112.81,894.56,4,5,27.884,7.4126,0.0045352,4.1398,4.1398
20.09,20.534,12.7,1,14,98.719,37.926,49.796,-0.44357,0.44357
18.15,15.809,12.7,2,12,29.298,7.3472,0.0080264,2.3413,2.3413
77.22,73.669,572.49,3,4,90.912,27.042,0.0032824,3.5506,3.5506
107.5,109.44,894.56,4,3,99.992,46.381,0.0044864,-1.9367,1.9367
66.13,26.89,12.7,1,20,89.015,24.912,48.646,39.24,39.24
6.49,4.4754,12.7,2,2,99.932,47.424,0.015814,2.0146,2.0146
76.23,78.974,572.49,3,10,99.579,45.144,0.0023936,-2.7436,2.7436
101.71,107.69,894.56,4,2,99.994,67.863,0.0058248,-5.9843,5.9843
23.14,26.407,12.7,1,19,47.865,12.028,49.684,-3.2674,3.2674
5.53,6.6113,12.7,2,3,67.211,15.071,0.01391,-1.0813,1.0813
76.77,75.416,572.49,3,5,19.015,6.2468,0.0024784,1.3538,1.3538
107.84,108.83,894.56,4,1,73.236,7.456,0.0045184,-0.98974,0.98974
23.87,23.058,12.7,1,17,98.278,49.493,48.72,0.81185,0.81185
13.26,15.771,12.7,2,12,29.195,8.4404,0.01647,-2.5108,2.5108
83.53,75.641,572.49,3,6,99.952,27.208,0.00324,7.8895,7.8895
106.31,107.27,894.56,4,1,99.985,51.613,0.0043464,-0.96301,0.96301
18.43,19.82,12.7,1,14,98.218,57.447,49.02,-1.3905,1.3905
7.27,5.7123,12.7,2,3,99.763,40.373,0.010438,1.5577,1.5577
72.31,73.259,572.49,3,4,99.694,38.663,0.002532,-0.94905,0.94905
101.72,110.7,894.56,4,3,63.237,10.811,0.003976,-8.9767,8.9767
12.58,17.314,12.7,1,11,72.294,44.534,49.079,-4.7344,4.7344
12.6,11.107,12.7,2,9,99.981,55.99,0.0058952,1.4933,1.4933
79.13,74.396,572.49,3,4,29.897,6.972,0.002472,4.7337,4.7337
100.85,109.84,894.56,4,2,28.474,7.531,0.0042976,-8.9851,8.9851
15.86,17.202,12.7,1,11,98.563,47.733,49.331,-1.3417,1.3417
11.65,12.837,12.7,2,9,27.828,7.3774,0.0074832,-1.1875,1.1875
98.32,77.278,572.49,3,9,99.515,65.283,0.00248,21.042,21.042
113.86,112.41,894.56,4,5,89.244,18.183,0.0082696,1.4511,1.4511
7.53,10.917,12.7,1,5,98.676,57.469,49.263,-3.3867,3.3867
6.37,4.4331,12.7,2,2,100.4,48.612,0.0028248,1.9369,1.9369
74.06,72.915,572.49,3,4,99.906,48.479,0.0024192,1.1447,1.1447
111.75,112.32,894.56,4,5,99.992,20.59,0.0040552,-0.57019,0.57019
7.68,12.534,12.7,1,5,47.41,12.142,49.52,-4.854,4.854
5.94,6.6714,12.7,2,3,64.075,13.378,0.0026872,-0.7314,0.7314
90.83,80.368,572.49,3,10,18.528,6.2402,0.0037872,10.462,10.462
107.79,110.69,894.56,4,3,26.57,11.556,0.0085816,-2.8953,2.8953
16.37,21.584,12.7,1,15,98.365,34.765,48.476,-5.214,5.214
7.46,8.855,12.7,2,5,29.336,7.9773,0.011149,-1.395,1.395
74.09,72.269,572.49,3,4,99.729,66.944,0.002436,1.8212,1.8212
115.44,111.19,894.56,4,5,100.46,52.931,0.0043696,4.2524,4.2524
8.62,11.418,12.7,1,6,98.164,70.413,48.329,-2.7981,2.7981
9.68,9.7977,12.7,2,8,100.38,65.087,0.0030248,-0.11766,0.11766
75.1,71.335,572.49,3,3,99.438,65.325,0.0024288,3.7646,3.7646
101.17,108.02,894.56,4,1,99.983,30.304,0.0041488,-6.8491,6.8491
7.73,10.316,12.7,1,3,73.371,18.646,49.524,-2.5857,2.5857
5.49,4.4704,12.7,2,1,99.979,19.271,0.0027256,1.0196,1.0196
92.43,79.372,572.49,3,9,27.14,6.3173,0.0050048,13.058,13.058
119.27,112.66,894.56,4,5,29.983,11.57,0.0083288,6.6061,6.6061
8.7,8.9475,12.7,1,2,98.632,28.403,48.84,-0.24751,0.24751
6.15,7.1275,12.7,2,4,28.051,29.04,0.002656,-0.97748,0.97748
73.24,71.972,572.49,3,2,63.523,19.278,0.0038384,1.2683,1.2683
107.71,110.11,894.56,4,3,99.986,27.09,0.0041664,-2.4021,2.4021
8.11,10.477,12.7,1,4,98.136,41.309,48.858,-2.367,2.367
5.92,6.8835,12.7,2,4,100.33,35.19,0.0027248,-0.96354,0.96354
78.96,75.347,572.49,3,6,99.994,35.58,0.0025128,3.6127,3.6127
101.98,108.71,894.56,4,2,99.971,38.791,0.0065584,-6.7323,6.7323
15.41,17.447,12.7,1,11,72.734,41.216,49.521,-2.0374,2.0374
6.9,7.6208,12.7,2,5,100.02,42.423,0.0060224,-0.72077,0.72077
83.73,77.391,572.49,3,7,27.527,6.3267,0.0025856,6.3395,6.3395
106.68,108.78,894.56,4,1,28.65,9.4727,0.0062216,-2.0968,2.0968
9.31,7.9415,12.7,1,2,98.378,57.522,49.189,1.3685,1.3685
5.98,4.1278,12.7,2,2,27.965,58.15,0.0026816,1.8522,1.8522
79.19,76.27,572.49,3,6,63.307,9.6365,0.0038992,2.9197,2.9197
108.21,110.11,894.56,4,3,99.992,27.12,0.0042136,-1.9011,1.9011
12.19,15.663,12.7,1,9,98.22,34.764,49.015,-3.4733,3.4733
6.44,5.9767,12.7,2,3,100.04,32.811,0.003472,0.46326,0.46326
73.3,71.5,572.49,3,2,99.965,32.33,0.0025296,1.7998,1.7998
101.1,108.89,894.56,4,2,99.977,33.575,0.003924,-7.7948,7.7948
18.27,23.961,12.7,1,17,72.881,25.095,49.711,-5.6905,5.6905
16.3,14.063,12.7,2,11,99.034,28.129,0.013592,2.2366,2.2366
74.8,72.386,572.49,3,2,29.787,7.8369,0.0035704,2.4144,2.4144
106.65,109.82,894.56,4,2,72.333,7.6075,0.0042464,-3.165,3.165
23.43,20.173,12.7,1,14,98.38,47.854,49.447,3.2573,3.2573
13.76,13.805,12.7,2,10,30.316,7.9997,0.010239,-0.045024,0.045024
86.22,76.825,572.49,3,8,99.569,49.94,0.002768,9.3948,9.3948
107.94,108.8,894.56,4,3,99.723,64.685,0.0063296,-0.85597,0.85597
13.64,18.414,12.7,1,12,98.586,41.356,49.298,-4.774,4.774
11.51,10.703,12.7,2,8,99.965,39.248,0.0037056,0.80742,0.80742
72.76,72.241,572.49,3,3,99.656,39.455,0.0028192,0.5189,0.5189
101.73,109.23,894.56,4,2,99.954,23.888,0.0040472,-7.504,7.504
13.1,17.841,12.7,1,12,98.047,57.389,49.001,-4.7413,4.7413
6.61,6.9122,12.7,2,3,29.18,6.8989,0.005636,-0.30218,0.30218
77.28,73.706,572.49,3,4,99.706,25.888,0.002496,3.5737,3.5737
106.53,107.34,894.56,4,1,100.15,49.754,0.0041912,-0.80801,0.80801
15.3,17.844,12.7,1,12,0.1668,4.7009,0.0018144,-2.544,2.544
7.85,8.8151,12.7,2,6,99.923,36.596,0.0063216,-0.9651,0.9651
82.85,80.002,572.49,3,7,97.853,35.553,95.403,2.8484,2.8484
101.76,110.27,894.56,4,3,99.965,22.648,0.0063792,-8.5078,8.5078
22.83,23.167,12.7,1,18,53.136,21.76,0.0019728,-0.33713,0.33713
11.84,12.206,12.7,2,9,79.655,24.832,0.011036,-0.3659,0.3659
107.22,108.9,894.56,4,1,63.136,5.583,0.0019088,-1.6792,1.6792
27.43,24.331,12.7,1,20,99.994,44.562,0.0017992,3.0993,3.0993
6.18,6.8503,12.7,2,3,30.608,8.6581,0.013304,-0.67031,0.67031
108.29,109.96,894.56,4,3,100.12,31.556,0.0018528,-1.6656,1.6656
23.41,20.397,12.7,1,15,99.992,15.494,0.0018128,3.0127,3.0127
11.33,10.583,12.7,2,9,99.819,70.964,0.0098144,0.74741,0.74741
89,81.778,572.49,3,10,97.172,71.9,97.439,7.2219,7.2219
101.93,109.6,894.56,4,4,99.919,69.86,0.0078936,-7.675,7.675
13.04,13.027,12.7,1,9,70.098,56.631,0.001948,0.012694,0.012694
15.44,14.208,12.7,2,12,99.879,52.249,0.0041312,1.2316,1.2316
79.2,79.045,572.49,3,5,31.229,7.8436,96.111,0.15513,0.15513
116.5,112.74,894.56,4,5,19.679,9.5949,0.0054408,3.763,3.763
22.48,18.841,12.7,1,14,100.04,31.671,0.0015944,3.6394,3.6394
14.15,15.782,12.7,2,12,30.084,8.0941,0.0083176,-1.6322,1.6322
77.29,78.256,572.49,3,5,97.426,30.601,97.004,-0.96611,0.96611
118.02,111.3,894.56,4,5,99.979,49.772,0.0043208,6.7216,6.7216
7.07,7.186,12.7,1,2,99.963,25.152,0.0018256,-0.11603,0.11603
11.31,12.283,12.7,2,9,88.12,22.514,0.002512,-0.9734,0.9734
72.9,76.471,572.49,3,3,92.478,24.155,96.167,-3.5712,3.5712
100.94,109.71,894.56,4,2,38.214,10.921,0.0040576,-8.7725,8.7725
11.55,14.19,12.7,1,9,71.961,23.396,0.0018856,-2.6403,2.6403
5.87,4.8482,12.7,2,2,99.913,36.763,0.0039464,1.0218,1.0218
75.6,77.15,572.49,3,3,29.776,6.417,97.021,-1.5499,1.5499
116.98,112.8,894.56,4,5,29.047,7.6652,0.0040112,4.1792,4.1792
8.28,12.592,12.7,1,7,87.579,12.29,0.0018048,-4.3125,4.3125
12.58,13.613,12.7,2,10,26.714,13.517,0.0028344,-1.033,1.033
107.97,110.37,894.56,4,4,100.3,47.879,0.0017664,-2.4043,2.4043
65.27,16.716,12.7,1,13,99.994,64.074,0.00194,48.554,48.554
15.97,15.663,12.7,2,12,40.212,11.385,0.0077864,0.30703,0.30703
72.82,75.964,572.49,3,2,43.259,11.173,96.39,-3.1435,3.1435
101.65,107.45,894.56,4,1,99.885,46.524,0.0041472,-5.8012,5.8012
25.44,22.047,12.7,1,17,72.458,25.243,0.0021296,3.3927,3.3927
10.75,10.097,12.7,2,7,99.409,28.273,0.011653,0.65283,0.65283
74.7,76.154,572.49,3,2,30.5,7.1813,97.589,-1.4544,1.4544
106.31,110.8,894.56,4,3,72.209,7.7116,0.0042176,-4.4917,4.4917
24.78,24.1,12.7,1,20,99.965,51.148,0.001808,0.67992,0.67992
5.71,4.8681,12.7,2,1,29.748,8.7197,0.016347,0.84187,0.84187
81.01,81.312,572.49,3,9,97.97,56.507,97.071,-0.30232,0.30232
109.77,109.24,894.56,4,3,99.983,52.006,0.00592,0.53021,0.53021
22.98,22.398,12.7,1,17,50.263,15.489,0.0017504,0.5824,0.5824
10.42,12.614,12.7,2,10,99.271,41.252,0.014643,-2.1936,2.1936
73.22,74.93,572.49,3,2,97.135,40.403,96.678,-1.7098,1.7098
110.98,110.84,894.56,4,5,99.992,62.915,0.004044,0.14179,0.14179
14.58,16.363,12.7,1,12,70.642,46.2,0.0019128,-1.783,1.783
8.07,8.4664,12.7,2,6,99.852,46.554,0.0052056,-0.39641,0.39641
75.4,78.1,572.49,3,4,31.103,7.263,96.764,-2.7001,2.7001
107.95,111.81,894.56,4,4,28.884,7.7626,0.0042832,-3.8573,3.8573
15.76,16.742,12.7,1,12,99.99,35.053,0.0018488,-0.98171,0.98171
8.55,9.8797,12.7,2,6,28.929,6.9921,0.0047296,-1.3297,1.3297
107.51,111.51,894.56,4,4,87.396,15.594,0.001888,-3.9998,3.9998
13.91,13.656,12.7,1,9,99.996,38.345,0.001848,0.25426,0.25426
13.24,12.266,12.7,2,9,99.89,22.866,0.0032288,0.97355,0.97355
76.22,81.432,572.49,3,8,97.545,23.656,96.009,-5.2118,5.2118
102.6,110,894.56,4,4,100.02,58.533,0.0059752,-7.4015,7.4015
16.41,15.5,12.7,1,12,72.507,70.836,0.0019208,0.91033,0.91033
8.29,7.5527,12.7,2,6,99.738,72.649,0.005452,0.73726,0.73726
75.36,77.131,572.49,3,3,29.645,7.3754,97.399,-1.7709,1.7709
106.54,108.83,894.56,4,1,29.142,7.943,0.0041408,-2.2901,2.2901
18.55,25.001,12.7,1,20,99.994,25.419,0.0017808,-6.4509,6.4509
17.6,14.762,12.7,2,11,31.195,8.9329,0.015734,2.8376,2.8376
75.55,77.494,572.49,3,5,89.482,50.322,95.054,-1.9439,1.9439
104.77,108.87,894.56,4,2,99.983,34.243,0.0035808,-4.1014,4.1014
12.63,8.7822,12.7,1,5,99.99,64.408,0.0018272,3.8478,3.8478
7.08,6.0784,12.7,2,4,100.41,58.183,0.0025008,1.0016,1.0016
93.01,81.439,572.49,3,9,97.78,52.049,96.313,11.571,11.571
102.96,109.47,894.56,4,4,99.74,73.603,0.0085784,-6.514,6.514
21.6,22.026,12.7,1,18,71.248,54.138,0.001992,-0.42627,0.42627
7.98,9.7148,12.7,2,8,99.363,67.477,0.013955,-1.7348,1.7348
74.46,75.063,572.49,3,1,31.638,7.3677,95.144,-0.60332,0.60332
106.55,109.82,894.56,4,2,24.432,8.0105,0.0039288,-3.2698,3.2698
19.67,23.214,12.7,1,19,99.992,48.171,0.0018984,-3.5441,3.5441
10.71,12.78,12.7,2,9,29.87,9.0032,0.014343,-2.07,2.07
115.12,110.9,894.56,4,5,99.994,61.054,0.0018024,4.2167,4.2167
9.68,8.4726,12.7,1,4,99.994,44.969,0.001828,1.2074,1.2074
18.56,17.472,12.7,2,15,100.53,43.865,0.0024776,1.0877,1.0877
74.42,76.807,572.49,3,4,96.912,44.605,97.829,-2.3874,2.3874
114.19,111.17,894.56,4,5,100.08,53.374,0.0042024,3.0177,3.0177
19.42,24.297,12.7,1,20,71.127,45.858,0.001932,-4.8767,4.8767
13.92,15.349,12.7,2,13,98.599,47.974,0.016221,-1.4293,1.4293
92.02,81.904,572.49,3,8,72.721,8.8578,94.559,10.116,10.116
107.88,111.71,894.56,4,4,71.855,9.9627,0.0043184,-3.8332,3.8332
21.67,19.708,12.7,1,15,99.992,35.184,0.0018664,1.9622,1.9622
15.53,14.783,12.7,2,11,29.271,8.3515,0.0080416,0.74673,0.74673
94.89,83.107,572.49,3,10,96.948,30.903,94.663,11.783,11.783
105.04,106.69,894.56,4,1,100.05,68.378,0.0063184,-1.646,1.646
18.08,16.819,12.7,1,13,99.992,61.126,0.001836,1.261,1.261
13.3,11.655,12.7,2,9,99.823,40.323,0.0087344,1.6446,1.6446
75.64,78.831,572.49,3,6,97.566,39.889,94.666,-3.1913,3.1913
103.35,111.13,894.56,4,4,100.08,26.337,0.0063616,-7.7788,7.7788
10.45,19.576,12.7,1,16,100.05,67.222,0.001744,-9.1262,9.1262
5.61,4.8749,12.7,2,1,30.067,8.5182,0.01131,0.73513,0.73513
109.14,110.75,894.56,4,3,62.731,9.3833,0.0018256,-1.6068,1.6068
14.61,15.701,12.7,1,11,73.044,36.788,0.0019848,-1.0914,1.0914
10.66,10.004,12.7,2,8,99.915,59.192,0.0059744,0.65563,0.65563
81.95,79.047,572.49,3,5,29.03,7.476,95.814,2.9028,2.9028
107.34,110.81,894.56,4,3,28.187,8.047,0.0041312,-3.4673,3.4673
8.63,10.505,12.7,1,5,50.24,15.771,0.0018472,-1.8749,1.8749
8.99,11.515,12.7,2,8,14.34,17.006,0.0023552,-2.5252,2.5252
106.84,108.51,894.56,4,3,99.908,72.882,0.0046984,-1.6688,1.6688
19.36,20.583,12.7,1,16,99.992,38.481,0.0018456,-1.2226,1.2226
8.83,11.553,12.7,2,8,89.387,15.082,0.011493,-2.7232,2.7232
77.94,77.818,572.49,3,4,89.799,14.136,96.295,0.1218,0.1218
101.63,108,894.56,4,1,99.979,30.746,0.0040696,-6.3736,6.3736
12.15,13.777,12.7,1,9,73.995,35.181,0.001976,-1.6268,1.6268
13.03,12.801,12.7,2,10,99.938,35.872,0.0031784,0.22873,0.22873
85.47,83.979,572.49,3,10,28.519,8.3034,96.064,1.4908,1.4908
102.64,110.74,894.56,4,3,34.583,10.003,0.0057992,-8.0964,8.0964
22.41,15.895,12.7,2,13,100.09,32.362,0.0022472,6.5152,6.5152
81.62,77.861,572.49,3,5,97.372,41.231,96.412,3.7588,3.7588
104.66,110.45,894.56,4,4,99.981,45.664,0.0043288,-5.792,5.792
18.99,19.183,12.7,1,14,70.931,22.22,0.0019632,-0.19302,0.19302
7.01,4.2798,12.7,2,1,99.171,24.732,0.01051,2.7302,2.7302
76.26,80.153,572.49,3,6,30.512,6.6835,98.105,-3.8926,3.8926
118.6,112.79,894.56,4,5,41.772,7.9635,0.0038008,5.8147,5.8147
10.88,14.456,12.7,1,9,75.2,15.767,0.0017576,-3.5761,3.5761
15.07,15.794,12.7,2,12,22.929,7.8255,0.003256,-0.72425,0.72425
106.56,111.16,894.56,4,4,100,25.472,0.0017784,-4.599,4.599
26.08,23.101,12.7,1,19,99.992,51.389,0.0017992,2.9786,2.9786
16.11,15.496,12.7,2,12,79.332,15.711,0.013756,0.61375,0.61375
72.14,74.753,572.49,3,1,78.249,14.79,94.323,-2.6134,2.6134
101.23,109.7,894.56,4,2,38.323,11.29,0.0042544,-8.4695,8.4695
18.78,17.113,12.7,1,13,72.196,53.043,0.0021616,1.6669,1.6669
6.15,3.0551,12.7,2,1,99.96,59.695,0.0055712,3.0949,3.0949
76.06,79.03,572.49,3,5,29.308,6.8151,94.771,-2.9702,2.9702
108.77,111.8,894.56,4,4,28.566,8.0153,0.0043728,-3.0285,3.0285
25.16,25.359,12.7,1,20,50.241,15.757,0.0019704,-0.19897,0.19897
18.14,18.725,12.7,2,15,19.092,9.0163,0.012633,-0.58515,0.58515
84.41,83.875,572.49,3,10,29.556,12.198,96.917,0.53481,0.53481
115.29,111.24,894.56,4,5,99.994,51.526,0.0035368,4.053,4.053
27.29,25.595,12.7,1,20,25.197,9.2942,0.0018328,1.6949,1.6949
80.53,77.259,572.49,3,5,97.96,58.008,96.021,3.2715,3.2715
103.82,110.9,894.56,4,4,99.983,32.759,0.0060576,-7.084,7.084
24.31,23.51,12.7,1,19,71.98,40.033,0.001916,0.79989,0.79989
19.5,17.441,12.7,2,15,99.005,44.791,0.014262,2.0591,2.0591
75.16,78.989,572.49,3,5,71.892,8.8949,96.021,-3.8285,3.8285
107.03,109.8,894.56,4,2,71.002,8.0906,0.0029776,-2.7686,2.7686
7.29,8.0487,12.7,1,3,99.99,28.794,0.0018,-0.75872,0.75872
6.07,7.1142,12.7,2,4,29.778,29.398,0.0024368,-1.0442,1.0442
75.22,75.801,572.49,3,3,98.634,42.526,95.533,-0.58113,0.58113
102.67,108.46,894.56,4,1,75.793,17.916,0.0043688,-5.7925,5.7925
23.06,17.722,12.7,1,13,99.987,35.343,0.0018912,5.3382,5.3382
14.49,12.359,12.7,2,9,90.133,20.351,0.0089592,2.1314,2.1314
75.77,79.569,572.49,3,6,91.826,21.291,96.864,-3.7992,3.7992
101.8,109.57,894.56,4,3,99.981,42.566,0.0063224,-7.7703,7.7703
7.22,7.2716,12.7,1,3,70.879,51.318,0.0019944,-0.051592,0.051592
6.18,6.0659,12.7,2,4,99.992,58.546,0.0023672,0.11412,0.11412
76.55,77.139,572.49,3,3,30.585,6.824,97.109,-0.58868,0.58868
108.2,108.83,894.56,4,1,28.014,8.0602,0.0038752,-0.62645,0.62645
24.63,19.902,12.7,1,16,99.99,57.916,0.001768,4.7279,4.7279
93.87,81.009,572.49,3,9,98.078,64.479,96.442,12.861,12.861
106.71,108.43,894.56,4,1,88.842,18.605,0.0082384,-1.7233,1.7233
66.89,14.701,12.7,1,9,25.204,9.3496,0.001752,52.189,52.189
13.5,11.678,12.7,2,10,99.773,67.955,0.0035912,1.822,1.822
84.72,77.756,572.49,3,6,97.187,69.904,94.029,6.9639,6.9639
103.45,109.77,894.56,4,4,100.19,65.258,0.0060824,-6.3159,6.3159
12.33,12.356,12.7,1,7,71.44,19.24,0.001912,-0.025505,0.025505
15.16,15.32,12.7,2,12,99.892,20.512,0.0024232,-0.15954,0.15954
79.54,78.05,572.49,3,4,30.059,8.2751,96.367,1.4902,1.4902
102.68,108.82,894.56,4,1,28.099,8.1032,0.0041624,-6.1449,6.1449
18.09,23.605,12.7,1,18,37.614,9.4417,0.0018232,-5.5146,5.5146
19.16,17.732,12.7,2,14,14.206,9.1469,0.011449,1.4278,1.4278
86.98,81.985,572.49,3,9,93.092,37.532,97.235,4.995,4.995
104.84,107.4,894.56,4,1,99.967,47.956,0.0059368,-2.5611,2.5611
9.84,12.587,12.7,1,7,62.72,12.739,0.0018608,-2.7466,2.7466
13.35,13.571,12.7,2,11,100.21,42.168,0.0028704,-0.22094,0.22094
102.04,109.48,894.56,4,3,99.992,45.081,0.0018496,-7.4421,7.4421
17.08,17.496,12.7,1,13,99.992,41.795,0.0018344,-0.4159,0.4159
16.71,16.775,12.7,2,13,28.895,8.0279,0.0081872,-0.065232,0.065232
105.39,110.72,894.56,4,4,99.985,38.02,0.0077224,-5.3298,5.3298
10.54,7.6475,12.7,1,2,37.716,12.675,0.0018064,2.8925,2.8925
14.19,13.242,12.7,2,11,100.04,51.571,0.0024376,0.94827,0.94827
77.41,78.707,572.49,3,7,96.723,73.063,95.876,-1.2968,1.2968
100.55,106.75,894.56,4,1,99.99,66.583,0.0042152,-6.1988,6.1988
7.52,9.2712,12.7,1,4,71.989,22.479,0.001836,-1.7512,1.7512
9.31,10.277,12.7,2,7,99.91,23.109,0.0023232,-0.96742,0.96742
86.17,83.976,572.49,3,10,28.669,7.6626,95.391,2.1942,2.1942
107.29,109.68,894.56,4,2,29.761,12.085,0.008064,-2.3852,2.3852
19.13,20.266,12.7,1,15,99.992,19.243,0.0018944,-1.136,1.136
7.92,8.4994,12.7,1,3,99.992,15.924,0.0019176,-0.57939,0.57939
5.98,4.2248,12.7,2,1,99.85,26.286,0.0023592,1.7552,1.7552
85.52,82.288,572.49,3,9,98.099,26.404,95.041,3.2316,3.2316
103.55,109.68,894.56,4,3,99.987,39.52,0.0062928,-6.127,6.127
17.6,17.926,12.7,1,13,72.121,29.825,0.00192,-0.32605,0.32605
7.32,9.7369,12.7,2,8,99.513,66.839,0.0088704,-2.4169,2.4169
87.93,81.029,572.49,3,7,30.356,7.6369,96.002,6.9012,6.9012
106.35,110.74,894.56,4,3,28.095,10.113,0.005796,-4.3851,4.3851
17.99,17.944,12.7,1,13,99.992,29.01,0.0018072,0.046451,0.046451
9.4,10.815,12.7,2,7,27.404,8.587,0.0075216,-1.4148,1.4148
79.17,76.723,572.49,3,4,98.176,45.902,96.838,2.4465,2.4465
108.05,110.28,894.56,4,4,100.19,50.525,0.00428,-2.2317,2.2317
16.6,19.473,12.7,1,15,99.99,41.879,0.001788,-2.8734,2.8734
10.67,11.671,12.7,2,8,66.297,11.969,0.011052,-1.0014,1.0014
72.9,76.008,572.49,3,2,67.599,11.025,97.656,-3.1077,3.1077
102.67,108.45,894.56,4,1,99.99,18.04,0.003996,-5.7785,5.7785
19.64,20.306,12.7,1,16,75.217,46.651,0.0020208,-0.66637,0.66637
6.4,3.3634,12.7,2,1,99.677,50.898,0.01004,3.0366,3.0366
103.88,83.033,572.49,3,9,27.494,6.9965,96.014,20.847,20.847
117.61,112.64,894.56,4,5,29.456,12.145,0.008244,4.966,4.966
7.27,4.8376,12.7,1,1,99.933,63.943,0.0019968,2.4324,2.4324
14.47,12.793,12.7,2,11,27.446,65.219,0.002324,1.6774,1.6774
93.27,82.399,572.49,3,10,97.689,53.782,97.087,10.871,10.871
105.81,108.82,894.56,4,3,100.49,63.997,0.0081624,-3.0098,3.0098
17.99,18.368,12.7,1,14,99.992,45.175,0.001916,-0.37779,0.37779
6.12,4.063,12.7,2,1,99.057,30.921,0.0085976,2.057,2.057
101.51,106.59,894.56,4,1,99.996,71.088,0.0017808,-5.081,5.081
8.56,10.897,12.7,1,7,73.153,60.885,0.0021176,-2.3367,2.3367
8.07,8.1333,12.7,2,6,99.877,56.066,0.0026336,-0.06325,0.06325
102.74,111.86,894.56,4,4,28.53,6.2252,0.001864,-9.1211,9.1211
8.28,7.6727,12.7,1,4,100.07,67.812,0.0019744,0.60726,0.60726
14.28,12.682,12.7,2,11,28.049,68.384,0.002352,1.5985,1.5985
88.24,79.396,572.49,3,6,96.711,27.903,98.423,8.8444,8.8444
105.85,108.23,894.56,4,2,100.2,52.534,0.0063592,-2.381,2.381
11.76,11.746,12.7,1,8,99.992,64.61,0.0019416,0.01415,0.01415
11.13,8.438,12.7,2,6,100.29,47.358,0.0027976,2.692,2.692
81.32,77.506,572.49,3,5,97.63,53.218,98.107,3.8135,3.8135
109.11,111.84,894.56,4,5,99.952,34.2,0.0041704,-2.7337,2.7337
17.08,20.639,12.7,1,15,18.779,9.5028,0.002084,-3.5592,3.5592
10.61,12.678,12.7,2,9,27.451,11.923,0.0076832,-2.0685,2.0685
15.48,6.5699,12.7,1,1,87.523,14.61,0.001784,8.9101,8.9101
10.95,6.3157,12.7,2,4,100.06,51.411,0.0026624,4.6343,4.6343
74.54,75.68,572.49,3,5,98.265,51.524,49.001,-1.1405,1.1405
102.52,110.01,894.56,4,3,99.983,30.025,0.0042032,-7.4894,7.4894
23.4,23.524,12.7,1,18,27.577,11.857,0.0020216,-0.12401,0.12401
15.62,14.55,12.7,2,11,41.298,14.899,0.014946,1.0705,1.0705
102.51,108.91,894.56,4,1,55.65,5.3976,0.0017272,-6.3987,6.3987
6.71,5.5223,12.7,1,1,99.992,44.386,0.0019592,1.1877,1.1877
16.95,14.491,12.7,2,12,27.173,45.007,0.002392,2.4594,2.4594
74.35,75.354,572.49,3,4,97.353,31.975,48.463,-1.0044,1.0044
108.71,110.54,894.56,4,4,99.731,43.046,0.0038008,-1.8338,1.8338
9.49,10.278,12.7,1,5,99.992,21.682,0.0019088,-0.78824,0.78824
11.98,12.121,12.7,2,10,100.18,55.288,0.002732,-0.14133,0.14133
102.01,108.74,894.56,4,2,99.99,37.922,0.0018376,-6.7325,6.7325
21.59,19.51,12.7,1,15,73.525,41.122,0.0019968,2.0796,2.0796
9.71,8.8765,12.7,2,7,99.871,63.124,0.0065144,0.8335,0.8335
90.73,82.241,572.49,3,10,29.288,6.9092,49.523,8.4889,8.4889
106.4,108.69,894.56,4,1,75.292,11.304,0.0080968,-2.2943,2.2943
19.67,18.43,12.7,1,13,87.522,15.262,0.0017816,1.2401,1.2401
6.11,6.9011,12.7,2,3,25.098,7.2598,0.0054448,-0.79115,0.79115
85.74,78.192,572.49,3,8,98.457,64.465,48.838,7.5483,7.5483
116.59,111.92,894.56,4,5,100.32,32.096,0.0057472,4.6728,4.6728
8.68,7.9558,12.7,1,3,99.99,31.449,0.001824,0.72425,0.72425
13.23,12.067,12.7,2,9,99.985,28.564,0.0023208,1.1631,1.1631
75.04,75.304,572.49,3,4,97.63,33.679,48.709,-0.26407,0.26407
101.41,108.56,894.56,4,2,99.998,43.173,0.004052,-7.1487,7.1487
23.75,22.281,12.7,1,17,73.764,18.555,0.0021064,1.469,1.469
6.6,6.3677,12.7,2,3,99,21.666,0.011878,0.23227,0.23227
77.27,75.321,572.49,3,3,29.233,6.2536,49.225,1.949,1.949
102.32,108.85,894.56,4,1,26.865,7.4432,0.0041872,-6.5285,6.5285
14.61,15.115,12.7,1,10,99.994,24.948,0.0019496,-0.50508,0.50508
10.73,9.8926,12.7,2,6,26.787,6.6474,0.0036008,0.83744,0.83744
90.96,78.645,572.49,3,8,97.889,52.359,49.596,12.315,12.315
116.08,111.8,894.56,4,5,100.05,35.457,0.00576,4.2803,4.2803
26.47,24.336,12.7,1,20,99.992,44.421,0.0018296,2.1344,2.1344
5.64,7.7269,12.7,2,4,41.156,11.787,0.015482,-2.0869,2.0869
77.7,82.156,572.49,3,10,40.996,9.5123,49.804,-4.4561,4.4561
101.49,106.93,894.56,4,1,99.948,61.315,0.0061904,-5.4434,5.4434
20.63,23.403,12.7,1,18,36.59,15.216,0.0019624,-2.7728,2.7728
84.04,82.264,572.49,3,10,15.793,5.4851,48.681,1.776,1.776
117.74,112.65,894.56,4,5,75.101,11.402,0.0083008,5.0881,5.0881
8.32,10.92,12.7,1,7,99.888,59.911,0.001864,-2.6002,2.6002
9.03,8.9478,12.7,2,7,27.962,61.895,0.0024088,0.082187,0.082187
84.79,78.371,572.49,3,8,98.585,58.942,48.472,6.419,6.419
116.85,111.91,894.56,4,5,100.05,32.291,0.0060408,4.9395,4.9395
66.47,18.327,12.7,1,13,62.734,18.481,0.0018512,48.143,48.143
15.82,15.27,12.7,2,13,100.01,50.206,0.0075664,0.54976,0.54976
76.64,77.652,572.49,3,7,97.058,50.677,47.99,-1.0122,1.0122
101.92,108.78,894.56,4,2,99.983,36.725,0.0043,-6.8645,6.8645
7.73,7.329,12.7,1,3,72.664,49.659,0.0020168,0.40101,0.40101
5.98,3.0003,12.7,2,1,99.944,61.256,0.0025456,2.9797,2.9797
81.96,79.284,572.49,3,7,28.722,6.3376,49.35,2.676,2.676
24.59,23.607,12.7,1,18,75.091,8.9482,0.0018152,0.98295,0.98295
10.57,10.817,12.7,2,7,24.325,8.5614,0.012015,-0.24708,0.24708
91.66,80.286,572.49,3,9,98.074,32.988,48.884,11.374,11.374
115.65,112.41,894.56,4,5,89.222,18.122,0.008252,3.2389,3.2389
9.19,11.262,12.7,1,6,99.994,21.873,0.001804,-2.0718,2.0718
7.91,7.5555,12.7,2,4,51.374,16.553,0.0025312,0.35452,0.35452
74.81,75.951,572.49,3,4,52.177,16.059,49.025,-1.1412,1.1412
101.22,109.48,894.56,4,2,63.323,17.342,0.0042664,-8.2577,8.2577
8.59,10.42,12.7,1,6,72.448,46.229,0.0021352,-1.8299,1.8299
7.83,7.5043,12.7,2,5,99.906,45.747,0.002424,0.3257,0.3257
76.7,74.319,572.49,3,2,27.633,6.3464,48.999,2.3805,2.3805
109.32,108.84,894.56,4,1,28.18,7.5991,0.0039272,0.47747,0.47747
5.53,8.4227,12.7,1,3,62.751,18.534,0.0019584,-2.8927,2.8927
107.42,108.2,894.56,4,1,99.992,25.072,0.001884,-0.78225,0.78225
24.17,25.493,12.7,1,20,37.706,12.083,0.001864,-1.3226,1.3226
13.72,15.395,12.7,2,12,91.608,18.477,0.016817,-1.6746,1.6746
74.65,75.861,572.49,3,4,89.9,17.612,48.485,-1.2111,1.2111
102.7,108.1,894.56,4,2,99.906,56.305,0.0038328,-5.399,5.399
24.22,24.618,12.7,1,19,27.833,8.8862,0.0019304,-0.39816,0.39816
5.36,6.7318,12.7,2,3,42.376,11.911,0.015596,-1.3718,1.3718
74.71,78.294,572.49,3,6,13.146,6.3744,49.218,-3.5836,3.5836
106.75,110.82,894.56,4,3,40.54,7.6067,0.004012,-4.0679,4.0679
18.19,18.661,12.7,1,13,62.69,8.9476,0.0018008,-0.47078,0.47078
11.24,13.81,12.7,2,10,18.59,7.9797,0.0077456,-2.5703,2.5703
79.6,77.417,572.49,3,7,98.178,58.942,49.423,2.1826,2.1826
109.62,111.04,894.56,4,4,88.998,29.046,0.006348,-1.4183,1.4183
10.35,12.026,12.7,1,7,99.992,28.326,0.0018752,-1.6761,1.6761
19.11,16.574,12.7,2,13,64.079,13.362,0.0026024,2.5357,2.5357
75.01,77.98,572.49,3,6,70.132,15.044,49.54,-2.9699,2.9699
102.68,109.66,894.56,4,3,99.983,40.123,0.0042984,-6.9758,6.9758
5.91,6.4973,12.7,1,2,74.193,45.112,0.0019944,-0.58734,0.58734
5.82,4.8657,12.7,2,3,99.885,64.544,0.0024304,0.95434,0.95434
94.56,81.218,572.49,3,9,27.561,6.3572,48.154,13.342,13.342
106.9,109.7,894.56,4,2,29.734,11.508,0.0083696,-2.7955,2.7955
17.58,23.032,12.7,1,18,100.03,25.099,0.0018744,-5.4517,5.4517
12.71,13.785,12.7,2,10,30.03,8.5718,0.013209,-1.0752,1.0752
73.57,74.124,572.49,3,3,98.184,39.584,49.146,-0.55363,0.55363
106.45,109.66,894.56,4,3,97.33,40.141,0.0042824,-3.2062,3.2062
13.66,10.889,12.7,1,7,99.994,60.805,0.001852,2.7712,2.7712
8.29,8.0704,12.7,2,5,100.02,29.578,0.0028344,0.21957,0.21957
82.31,81.408,572.49,3,10,98.542,29.814,49.429,0.90188,0.90188
109.4,112.61,894.56,4,5,51.295,12.91,0.0063664,-3.2085,3.2085
14.65,15.34,12.7,1,11,73.253,47.108,0.0019704,-0.68998,0.68998
18.75,16.929,12.7,2,15,100.03,59.39,0.0032464,1.821,1.821
88.95,82.187,572.49,3,10,32.548,8.5418,49.633,6.7631,6.7631
107.11,111.73,894.56,4,4,76.26,9.5548,0.0062456,-4.6158,4.6158
16.72,17.593,12.7,1,14,100.27,67.3,0.0018928,-0.87299,0.87299
76.57,74.446,572.49,3,4,98.561,57.631,48.208,2.1242,2.1242
106.55,110.76,894.56,4,4,99.954,36.9,0.0044712,-4.2089,4.2089
10.04,8.7569,12.7,1,3,62.667,8.9912,0.0019048,1.2831,1.2831
15.66,17.928,12.7,2,15,99.915,30.86,0.002376,-2.2679,2.2679
90.94,81.251,572.49,3,10,96.995,34.522,49.618,9.6888,9.6888
101.92,109.93,894.56,4,3,99.813,32.358,0.0066136,-8.0079,8.0079
13.81,17.334,12.7,1,12,56.836,18.64,0.0019832,-3.5235,3.5235
14.95,16.32,12.7,2,13,77.067,20.493,0.003996,-1.3695,1.3695
86.93,80.166,572.49,3,8,27.154,8.4992,48.494,6.7637,6.7637
108.07,108.75,894.56,4,1,73.743,9.6298,0.0065128,-0.6835,0.6835
9.09,12.903,12.7,1,8,99.992,31.57,0.0018152,-3.8127,3.8127
83.78,76.312,572.49,3,6,98.705,60.811,48.136,7.4679,7.4679
108.12,107.8,894.56,4,2,100.45,64.807,0.0065088,0.31885,0.31885
16.28,17.822,12.7,1,14,99.992,60.751,0.001796,-1.5424,1.5424
8.78,9.8965,12.7,2,7,99.334,34.003,0.0092128,-1.1165,1.1165
101.02,108.31,894.56,4,1,99.994,21.993,0.0020616,-7.2901,7.2901
10.76,11.171,12.7,1,7,73.676,53.041,0.0019992,-0.4111,0.4111
8.64,7.3896,12.7,2,5,99.913,49.023,0.0022824,1.2504,1.2504
76.41,77.221,572.49,3,5,27.735,7.1968,47.974,-0.81106,0.81106
107.11,108.84,894.56,4,1,25.389,7.6356,0.0047832,-1.7324,1.7324
9.35,9.2497,12.7,1,5,99.992,51.057,0.0018368,0.10031,0.10031
19.1,14.806,12.7,2,12,100.17,35.169,0.0027192,4.2937,4.2937
72.66,71.532,572.49,3,1,97.224,56.5,48.644,1.128,1.128
102.19,108.78,894.56,4,2,99.99,36.904,0.0044528,-6.5883,6.5883
12.2,13.923,12.7,1,10,73.78,59.301,0.0019704,-1.7226,1.7226
16.11,12.627,12.7,2,11,99.892,69.134,0.003996,3.4831,3.4831
20.44,16.699,12.7,1,12,72.56,36.573,0.0013704,3.7407,3.7407
8.05,9.6871,12.7,2,7,99.157,39.981,0.0072808,-1.6371,1.6371
76.41,75.084,572.49,3,1,28.949,6.4186,94.779,1.3264,1.3264
101.74,108.84,894.56,4,1,28.502,7.7197,0.0043592,-7.0982,7.0982
26.64,25.251,12.7,1,20,62.767,18.704,0.001884,1.3892,1.3892
18.57,18.735,12.7,2,15,22.18,8.701,0.014586,-0.16504,0.16504
84.59,78.325,572.49,3,5,98.014,27.873,96.305,6.2654,6.2654
110.87,112.48,894.56,4,5,64.5,16.373,0.004444,-1.6119,1.6119
17.82,17.588,12.7,1,14,99.987,67.434,0.0017888,0.23161,0.23161
5.45,6.7326,12.7,2,3,66.037,11.613,0.0083176,-1.2826,1.2826
103.54,109.18,894.56,4,2,99.992,25.387,0.0021032,-5.6415,5.6415
20.89,20.716,12.7,1,16,73.902,34.978,0.0019296,0.17439,0.17439
8.13,7.7959,12.7,2,5,99.078,37.438,0.012374,0.33408,0.33408
75.36,76.145,572.49,3,2,28.036,6.5828,96.774,-0.78501,0.78501
106.34,110.82,894.56,4,3,26.951,7.7958,0.0044808,-4.4766,4.4766
10.97,11.113,12.7,1,7,99.992,54.402,0.0018536,-0.14304,0.14304
12.91,12.137,12.7,2,10,28.253,55.667,0.0028664,0.77348,0.77348
76.52,74.094,572.49,3,2,97.308,65.6,97.888,2.4261,2.4261
109.09,109.99,894.56,4,3,99.923,30.645,0.0041296,-0.89767,0.89767
12.5,12.216,12.7,1,8,99.992,51.194,0.001936,0.28439,0.28439
7,4.862,12.7,2,2,100.07,36.365,0.0029072,2.138,2.138
85.81,80.053,572.49,3,7,97.887,35.859,97.013,5.7574,5.7574
100.84,109.16,894.56,4,2,99.967,26.089,0.006592,-8.317,8.317
25.55,23.344,12.7,1,19,73.675,44.747,0.0020776,2.2056,2.2056
6.9,6.3311,12.7,2,4,99.025,50.998,0.016402,0.56893,0.56893
76.21,76.16,572.49,3,2,27.579,6.5386,97.108,0.050428,0.050428
121.44,112.8,894.56,4,5,26.517,7.809,0.004324,8.6432,8.6432
17,16.741,12.7,1,12,100.01,35.068,0.0018816,0.25881,0.25881
8.01,10.847,12.7,2,7,27.088,7.6623,0.0056056,-2.8372,2.8372
107.14,109.3,894.56,4,2,87.607,22.074,0.00198,-2.1623,2.1623
25.33,24.547,12.7,1,20,99.99,38.37,0.0018528,0.78251,0.78251
14.7,15.551,12.7,2,14,99.16,70.492,0.01494,-0.85079,0.85079
74.14,75.762,572.49,3,4,97.943,70.476,94.2,-1.6218,1.6218
108.07,112.66,894.56,4,5,75.936,11.207,0.0032448,-4.5882,4.5882
7.29,12.716,12.7,1,7,47.019,9.2268,0.0019744,-5.4258,5.4258
6.92,7.7649,12.7,2,4,64.37,10.427,0.0035688,-0.84489,0.84489
107.16,109.75,894.56,4,2,26.649,9.8773,0.0066208,-2.5937,2.5937
15.54,16.175,12.7,1,12,99.987,51.245,0.0018192,-0.63476,0.63476
6.57,7.8739,12.7,2,4,29.462,7.7106,0.006264,-1.3039,1.3039
76.05,75.275,572.49,3,3,98.412,58.515,96.406,0.77509,0.77509
118.18,112.08,894.56,4,5,100.01,27.469,0.0042392,6.1007,6.1007
21.23,17.729,12.7,1,13,99.987,35.131,0.0018704,3.5008,3.5008
13.29,11.837,12.7,2,10,100.04,63.416,0.0086768,1.453,1.453
78.01,77.084,572.49,3,5,96.979,63.048,96.052,0.92636,0.92636
106.94,112.59,894.56,4,5,64.21,13.229,0.006332,-5.6522,5.6522
21.46,19.695,12.7,1,16,73.846,64.139,0.0019904,1.7654,1.7654
9.09,8.6335,12.7,2,7,99.436,70.074,0.011006,0.45653,0.45653
84.18,79.06,572.49,3,5,28.756,7.3828,96.066,5.1197,5.1197
107.53,108.76,894.56,4,1,37.645,9.9028,0.0062824,-1.2282,1.2282
6.98,6.1567,12.7,1,2,99.99,54.549,0.001788,0.82331,0.82331
5.87,3.2414,12.7,2,1,28.186,55.182,0.002728,2.6286,2.6286
106.8,109.7,894.56,4,3,100.49,38.728,0.001872,-2.9043,2.9043
24.28,21.577,12.7,1,17,99.99,38.369,0.0019408,2.7032,2.7032
5.62,4.0376,12.7,2,1,99.434,31.647,0.011844,1.5824,1.5824
75.74,78.273,572.49,3,5,98.424,29.399,96.35,-2.5327,2.5327
102.49,108.01,894.56,4,1,99.985,30.606,0.0041632,-5.5185,5.5185
18.47,20.645,12.7,1,15,27.7,9.2489,0.0020152,-2.1746,2.1746
5.68,7.7511,12.7,2,4,40.648,11.096,0.010858,-2.0711,2.0711
86.61,82.074,572.49,3,8,13.491,6.7249,96.425,4.5362,4.5362
108.03,111.73,894.56,4,4,26.896,9.972,0.006464,-3.7008,3.7008
23.83,24.999,12.7,1,20,99.992,25.468,0.0019712,-1.1692,1.1692
12.28,11.792,12.7,2,8,28.605,8.963,0.01555,0.4883,0.4883
80.79,79.196,572.49,3,7,97.614,59.305,96.078,1.5941,1.5941
106.43,110.14,894.56,4,3,99.99,26.33,0.0064504,-3.7088,3.7088
16.64,17.191,12.7,1,12,99.985,22.232,0.0018984,-0.55066,0.55066
14.43,14.229,12.7,2,11,89.68,23.503,0.0060144,0.20124,0.20124
75.29,77.419,572.49,3,4,91.623,24.404,95.289,-2.1293,2.1293
101.79,108.63,894.56,4,3,99.975,69.519,0.0041432,-6.8365,6.8365
8.7,8.2964,12.7,1,4,75.007,50.283,0.0019384,0.40356,0.40356
6.2,4.0176,12.7,2,2,100.05,60.482,0.0027616,2.1824,2.1824
95.13,83.122,572.49,3,9,28.462,6.7551,98.106,12.008,12.008
102.09,111.66,894.56,4,4,26.818,12.011,0.0084416,-9.5695,9.5695
17.07,21.518,12.7,1,16,37.726,12.461,0.001804,-4.4484,4.4484
5.7,5.8775,12.7,2,2,12.963,8.3563,0.0096344,-0.17748,0.17748
107.68,109.03,894.56,4,3,100.24,57.892,0.0020368,-1.3534,1.3534
17.93,21.006,12.7,1,17,99.99,54.675,0.0015432,-3.0758,3.0758
18.58,18.236,12.7,2,15,99.313,22.083,0.013144,0.34409,0.34409
83.4,80.485,572.49,3,7,97.649,21.957,95.599,2.9147,2.9147
102.89,108.36,894.56,4,2,99.913,48.907,0.00482,-5.468,5.468
8.2,9.0306,12.7,1,5,73.981,57.609,0.0020632,-0.83058,0.83058
8.5,7.0392,12.7,2,5,99.888,59.03,0.0028256,1.4608,1.4608
89.8,84.004,572.49,3,10,27.768,7.449,95.92,5.7961,5.7961
108.26,108.69,894.56,4,1,21.696,11.943,0.0084952,-0.43317,0.43317
9.58,11.019,12.7,1,6,99.996,28.819,0.0019528,-1.4386,1.4386
6.64,8.0828,12.7,2,5,26.26,30.059,0.0028312,-1.4428,1.4428
81.16,78.07,572.49,3,6,97.64,63.781,96.616,3.0904,3.0904
105.73,108.74,894.56,4,3,100.35,66.4,0.0038208,-3.0056,3.0056
13.65,13.847,12.7,1,10,99.99,61.16,0.0018912,-0.19714,0.19714
5.97,6.6893,12.7,2,3,40.133,13.137,0.0031888,-0.71933,0.71933
76.24,80.807,572.49,3,7,41.355,13.238,95.451,-4.5671,4.5671
102.21,106.46,894.56,4,1,99.958,74.81,0.0067512,-4.2509,4.2509
12.97,11.433,12.7,1,7,73.96,45.557,0.0020632,1.5369,1.5369
10.36,8.6747,12.7,2,7,99.875,68.884,0.003128,1.6853,1.6853
87.06,81.975,572.49,3,8,28.342,7.5217,94.736,5.0848,5.0848
119.08,112.72,894.56,4,5,27.99,10.068,0.0067056,6.3628,6.3628
14.03,13.763,12.7,1,9,99.992,35.271,0.001864,0.26662,0.26662
13.53,14.824,12.7,2,11,27.459,7.2102,0.0032776,-1.2938,1.2938
87.61,79.822,572.49,3,7,97.298,40.633,95.343,7.7884,7.7884
107.58,108.78,894.56,4,3,87.337,65.388,0.0061056,-1.1962,1.1962
21.51,18.908,12.7,1,15,99.99,58.036,0.0017904,2.6023,2.6023
14.09,13.307,12.7,2,11,99.651,49.73,0.010605,0.78332,0.78332
81.95,79.496,572.49,3,7,97.481,50.579,95.932,2.4541,2.4541
103.52,110.79,894.56,4,4,99.973,36.109,0.0065152,-7.2667,7.2667
67.85,22.965,12.7,1,19,74.009,55.569,0.002068,44.885,44.885
6.48,6.2034,12.7,2,4,99.225,54.644,0.016857,0.27663,0.27663
90.96,83.039,572.49,3,9,27.773,6.9306,96.113,7.9208,7.9208
118.53,112.62,894.56,4,5,75.816,12.167,0.0083592,5.9051,5.9051
23.32,22.75,12.7,1,19,99.91,61.424,0.0018648,0.56995,0.56995
5.75,7.8204,12.7,2,4,29.59,9.2509,0.018082,-2.0704,2.0704
72.39,76.823,572.49,3,3,67.487,13.51,95.357,-4.4327,4.4327
108.57,109.98,894.56,4,3,98.016,30.987,0.0039656,-1.4065,1.4065
10.91,10.498,12.7,1,5,56.09,15.889,0.00194,0.41156,0.41156
17.36,16.434,12.7,2,13,76.774,17.231,0.00304,0.92615,0.92615
91.47,82.975,572.49,3,9,26.622,9.0688,96.384,8.4948,8.4948
104.99,111.65,894.56,4,4,27.334,12.246,0.0083104,-6.661,6.661
8.37,7.5912,12.7,1,3,99.994,41.861,0.0018016,0.77879,0.77879
9.38,9.6281,12.7,2,7,25.329,42.496,0.00278,-0.24812,0.24812
92.55,83.181,572.49,3,10,97.293,30.359,96.102,9.3688,9.3688
118.53,110.56,894.56,4,5,99.821,70.869,0.0064824,7.9701,7.9701
8.07,11.634,12.7,1,8,99.994,67.807,0.0018624,-3.5639,3.5639
14.99,11.303,12.7,2,9,100.19,50.37,0.0029472,3.6867,3.6867
74.68,75.988,572.49,3,4,97.337,66.089,96.079,-1.3078,1.3078
